set,type,period,name,date,holofoil_price,volume
SV01,Card,3M,Gardevoir ex 245,4/20 to 4/22,$49.73,12
SV01,Card,3M,Gardevoir ex 245,4/22 to 4/24,$49.65,12
SV01,Card,3M,Gardevoir ex 245,4/23 to 4/25,$50.14,27
SV01,Card,3M,Gardevoir ex 245,4/25 to 4/27,$50.64,26
SV01,Card,3M,Gardevoir ex 245,4/26 to 4/28,$50.38,10
SV01,Card,3M,Gardevoir ex 245,4/28 to 4/30,$50.21,7
SV01,Card,3M,Gardevoir ex 245,4/29 to 5/1,$49.79,11
SV01,Card,3M,Gardevoir ex 245,5/1 to 5/3,$49.25,11
SV01,Card,3M,Gardevoir ex 245,5/10 to 5/12,$43.90,18
SV01,Card,3M,Gardevoir ex 245,5/11 to 5/13,$42.86,17
SV01,Card,3M,Gardevoir ex 245,5/13 to 5/15,$44.52,53
SV01,Card,3M,Gardevoir ex 245,5/14 to 5/16,$45.50,57
SV01,Card,3M,Gardevoir ex 245,5/16 to 5/18,$45.14,15
SV01,Card,3M,Gardevoir ex 245,5/17 to 5/19,$44.71,17
SV01,Card,3M,Gardevoir ex 245,5/19 to 5/21,$44.43,20
SV01,Card,3M,Gardevoir ex 245,5/2 to 5/4,$49.27,10
SV01,Card,3M,Gardevoir ex 245,5/20 to 5/22,$43.98,21
SV01,Card,3M,Gardevoir ex 245,5/22 to 5/24,$41.73,23
SV01,Card,3M,Gardevoir ex 245,5/23 to 5/25,$41.00,16
SV01,Card,3M,Gardevoir ex 245,5/25 to 5/27,$41.12,14
SV01,Card,3M,Gardevoir ex 245,5/26 to 5/28,$41.21,16
SV01,Card,3M,Gardevoir ex 245,5/28 to 5/30,$40.83,15
SV01,Card,3M,Gardevoir ex 245,5/29 to 5/31,$40.37,18
SV01,Card,3M,Gardevoir ex 245,5/31 to 6/2,$40.60,19
SV01,Card,3M,Gardevoir ex 245,5/4 to 5/6,$48.35,12
SV01,Card,3M,Gardevoir ex 245,5/5 to 5/7,$48.02,15
SV01,Card,3M,Gardevoir ex 245,5/7 to 5/9,$47.02,18
SV01,Card,3M,Gardevoir ex 245,5/8 to 5/10,$46.26,16
SV01,Card,3M,Gardevoir ex 245,6/1 to 6/3,$40.98,15
SV01,Card,3M,Gardevoir ex 245,6/10 to 6/12,$41.49,18
SV01,Card,3M,Gardevoir ex 245,6/12 to 6/14,$43.73,17
SV01,Card,3M,Gardevoir ex 245,6/13 to 6/15,$43.56,16
SV01,Card,3M,Gardevoir ex 245,6/15 to 6/17,$42.93,16
SV01,Card,3M,Gardevoir ex 245,6/16 to 6/18,$42.38,19
SV01,Card,3M,Gardevoir ex 245,6/18 to 6/20,$41.56,20
SV01,Card,3M,Gardevoir ex 245,6/19 to 6/21,$41.09,16
SV01,Card,3M,Gardevoir ex 245,6/21 to 6/23,$40.84,13
SV01,Card,3M,Gardevoir ex 245,6/22 to 6/24,$41.11,13
SV01,Card,3M,Gardevoir ex 245,6/24 to 6/26,$41.43,7
SV01,Card,3M,Gardevoir ex 245,6/25 to 6/27,$41.38,11
SV01,Card,3M,Gardevoir ex 245,6/27 to 6/29,$41.22,14
SV01,Card,3M,Gardevoir ex 245,6/28 to 6/30,$41.15,13
SV01,Card,3M,Gardevoir ex 245,6/3 to 6/5,$40.53,12
SV01,Card,3M,Gardevoir ex 245,6/30 to 7/2,$40.95,11
SV01,Card,3M,Gardevoir ex 245,6/4 to 6/6,$40.36,16
SV01,Card,3M,Gardevoir ex 245,6/6 to 6/8,$39.91,15
SV01,Card,3M,Gardevoir ex 245,6/7 to 6/9,$39.95,13
SV01,Card,3M,Gardevoir ex 245,6/9 to 6/11,$40.26,18
SV01,Card,3M,Gardevoir ex 245,7/1 to 7/3,$40.86,6
SV01,Card,3M,Gardevoir ex 245,7/10 to 7/12,$41.23,12
SV01,Card,3M,Gardevoir ex 245,7/12 to 7/14,$41.64,14
SV01,Card,3M,Gardevoir ex 245,7/13 to 7/15,$41.94,21
SV01,Card,3M,Gardevoir ex 245,7/15 to 7/17,$42.32,19
SV01,Card,3M,Gardevoir ex 245,7/16 to 7/18,$42.44,19
SV01,Card,3M,Gardevoir ex 245,7/18 to 7/20,$42.33,13
SV01,Card,3M,Gardevoir ex 245,7/19 to 7/21,$42.44,0
SV01,Card,3M,Gardevoir ex 245,7/21 to 7/23,$42.33,0
SV01,Card,3M,Gardevoir ex 245,7/3 to 7/5,$40.67,11
SV01,Card,3M,Gardevoir ex 245,7/4 to 7/6,$40.94,25
SV01,Card,3M,Gardevoir ex 245,7/6 to 7/8,$41.37,23
SV01,Card,3M,Gardevoir ex 245,7/7 to 7/9,$41.23,8
SV01,Card,3M,Gardevoir ex 245,7/9 to 7/11,$41.15,10
SV02,Card,3M,Magikarp 203,4/20 to 4/22,$213.31,3
SV02,Card,3M,Magikarp 203,4/21 to 4/23,$212.44,6
SV02,Card,3M,Magikarp 203,4/23 to 4/25,$210.26,5
SV02,Card,3M,Magikarp 203,4/24 to 4/26,$208.82,4
SV02,Card,3M,Magikarp 203,4/25 to 4/27,$207.73,3
SV02,Card,3M,Magikarp 203,4/26 to 4/28,$206.52,4
SV02,Card,3M,Magikarp 203,4/27 to 4/29,$204.79,7
SV02,Card,3M,Magikarp 203,4/28 to 4/30,$202.03,9
SV02,Card,3M,Magikarp 203,4/29 to 5/1,$198.88,14
SV02,Card,3M,Magikarp 203,4/30 to 5/2,$197.06,12
SV02,Card,3M,Magikarp 203,5/1 to 5/3,$196.55,9
SV02,Card,3M,Magikarp 203,5/10 to 5/12,$189.10,4
SV02,Card,3M,Magikarp 203,5/11 to 5/13,$186.80,8
SV02,Card,3M,Magikarp 203,5/12 to 5/14,$187.13,48
SV02,Card,3M,Magikarp 203,5/13 to 5/15,$187.99,47
SV02,Card,3M,Magikarp 203,5/14 to 5/16,$190.31,44
SV02,Card,3M,Magikarp 203,5/15 to 5/17,$190.60,5
SV02,Card,3M,Magikarp 203,5/16 to 5/18,$190.94,8
SV02,Card,3M,Magikarp 203,5/17 to 5/19,$191.07,10
SV02,Card,3M,Magikarp 203,5/18 to 5/20,$190.86,13
SV02,Card,3M,Magikarp 203,5/19 to 5/21,$190.57,10
SV02,Card,3M,Magikarp 203,5/2 to 5/4,$196.29,4
SV02,Card,3M,Magikarp 203,5/20 to 5/22,$190.47,10
SV02,Card,3M,Magikarp 203,5/21 to 5/23,$190.50,16
SV02,Card,3M,Magikarp 203,5/22 to 5/24,$190.83,16
SV02,Card,3M,Magikarp 203,5/23 to 5/25,$190.99,16
SV02,Card,3M,Magikarp 203,5/24 to 5/26,$191.43,9
SV02,Card,3M,Magikarp 203,5/25 to 5/27,$191.43,8
SV02,Card,3M,Magikarp 203,5/26 to 5/28,$191.98,6
SV02,Card,3M,Magikarp 203,5/27 to 5/29,$192.25,2
SV02,Card,3M,Magikarp 203,5/28 to 5/30,$192.53,2
SV02,Card,3M,Magikarp 203,5/29 to 5/31,$192.33,3
SV02,Card,3M,Magikarp 203,5/3 to 5/5,$196.05,1
SV02,Card,3M,Magikarp 203,5/30 to 6/1,$193.31,7
SV02,Card,3M,Magikarp 203,5/31 to 6/2,$194.07,11
SV02,Card,3M,Magikarp 203,5/4 to 5/6,$195.27,3
SV02,Card,3M,Magikarp 203,5/5 to 5/7,$194.61,3
SV02,Card,3M,Magikarp 203,5/6 to 5/8,$193.42,6
SV02,Card,3M,Magikarp 203,5/7 to 5/9,$192.24,5
SV02,Card,3M,Magikarp 203,5/8 to 5/10,$191.19,4
SV02,Card,3M,Magikarp 203,5/9 to 5/11,$190.06,3
SV02,Card,3M,Magikarp 203,6/1 to 6/3,$194.54,12
SV02,Card,3M,Magikarp 203,6/10 to 6/12,$193.84,8
SV02,Card,3M,Magikarp 203,6/11 to 6/13,$194.42,14
SV02,Card,3M,Magikarp 203,6/12 to 6/14,$196.40,23
SV02,Card,3M,Magikarp 203,6/13 to 6/15,$198.89,19
SV02,Card,3M,Magikarp 203,6/14 to 6/16,$202.95,19
SV02,Card,3M,Magikarp 203,6/15 to 6/17,$205.79,25
SV02,Card,3M,Magikarp 203,6/16 to 6/18,$208.47,26
SV02,Card,3M,Magikarp 203,6/17 to 6/19,$209.34,19
SV02,Card,3M,Magikarp 203,6/18 to 6/20,$210.18,6
SV02,Card,3M,Magikarp 203,6/19 to 6/21,$210.96,7
SV02,Card,3M,Magikarp 203,6/2 to 6/4,$193.86,8
SV02,Card,3M,Magikarp 203,6/20 to 6/22,$211.47,7
SV02,Card,3M,Magikarp 203,6/21 to 6/23,$211.62,5
SV02,Card,3M,Magikarp 203,6/22 to 6/24,$211.75,4
SV02,Card,3M,Magikarp 203,6/23 to 6/25,$213.57,9
SV02,Card,3M,Magikarp 203,6/24 to 6/26,$216.45,10
SV02,Card,3M,Magikarp 203,6/25 to 6/27,$221.36,13
SV02,Card,3M,Magikarp 203,6/26 to 6/28,$225.81,13
SV02,Card,3M,Magikarp 203,6/27 to 6/29,$229.65,13
SV02,Card,3M,Magikarp 203,6/28 to 6/30,$231.50,8
SV02,Card,3M,Magikarp 203,6/29 to 7/1,$233.13,5
SV02,Card,3M,Magikarp 203,6/3 to 6/5,$192.89,13
SV02,Card,3M,Magikarp 203,6/30 to 7/2,$234.17,4
SV02,Card,3M,Magikarp 203,6/4 to 6/6,$191.86,12
SV02,Card,3M,Magikarp 203,6/5 to 6/7,$191.11,24
SV02,Card,3M,Magikarp 203,6/6 to 6/8,$191.45,19
SV02,Card,3M,Magikarp 203,6/7 to 6/9,$192.29,19
SV02,Card,3M,Magikarp 203,6/8 to 6/10,$192.98,7
SV02,Card,3M,Magikarp 203,6/9 to 6/11,$193.51,4
SV02,Card,3M,Magikarp 203,7/1 to 7/3,$234.97,3
SV02,Card,3M,Magikarp 203,7/10 to 7/12,$233.09,6
SV02,Card,3M,Magikarp 203,7/11 to 7/13,$233.43,8
SV02,Card,3M,Magikarp 203,7/12 to 7/14,$234.62,7
SV02,Card,3M,Magikarp 203,7/13 to 7/15,$235.40,6
SV02,Card,3M,Magikarp 203,7/14 to 7/16,$236.08,4
SV02,Card,3M,Magikarp 203,7/15 to 7/17,$236.27,1
SV02,Card,3M,Magikarp 203,7/16 to 7/18,$236.39,1
SV02,Card,3M,Magikarp 203,7/17 to 7/19,$237.65,4
SV02,Card,3M,Magikarp 203,7/18 to 7/20,$238.95,5
SV02,Card,3M,Magikarp 203,7/19 to 7/21,$236.39,0
SV02,Card,3M,Magikarp 203,7/2 to 7/4,$235.61,4
SV02,Card,3M,Magikarp 203,7/20 to 7/22,$237.65,0
SV02,Card,3M,Magikarp 203,7/21 to 7/23,$238.95,0
SV02,Card,3M,Magikarp 203,7/3 to 7/5,$236.39,9
SV02,Card,3M,Magikarp 203,7/4 to 7/6,$236.56,12
SV02,Card,3M,Magikarp 203,7/5 to 7/7,$235.58,12
SV02,Card,3M,Magikarp 203,7/6 to 7/8,$234.19,8
SV02,Card,3M,Magikarp 203,7/7 to 7/9,$233.41,5
SV02,Card,3M,Magikarp 203,7/8 to 7/10,$233.20,2
SV02,Card,3M,Magikarp 203,7/9 to 7/11,$232.85,4
SV03,Card,3M,Charizard ex 223,4/20 to 4/22,$55.41,25
SV03,Card,3M,Charizard ex 223,4/21 to 4/23,$55.86,21
SV03,Card,3M,Charizard ex 223,4/22 to 4/24,$55.69,18
SV03,Card,3M,Charizard ex 223,4/23 to 4/25,$55.35,18
SV03,Card,3M,Charizard ex 223,4/24 to 4/26,$54.70,23
SV03,Card,3M,Charizard ex 223,4/25 to 4/27,$54.21,28
SV03,Card,3M,Charizard ex 223,4/26 to 4/28,$53.99,30
SV03,Card,3M,Charizard ex 223,4/27 to 4/29,$54.73,85
SV03,Card,3M,Charizard ex 223,4/28 to 4/30,$55.74,77
SV03,Card,3M,Charizard ex 223,4/29 to 5/1,$57.17,85
SV03,Card,3M,Charizard ex 223,4/30 to 5/2,$58.21,24
SV03,Card,3M,Charizard ex 223,5/1 to 5/3,$58.63,25
SV03,Card,3M,Charizard ex 223,5/10 to 5/12,$55.38,23
SV03,Card,3M,Charizard ex 223,5/11 to 5/13,$54.89,21
SV03,Card,3M,Charizard ex 223,5/12 to 5/14,$55.75,88
SV03,Card,3M,Charizard ex 223,5/13 to 5/15,$57.43,92
SV03,Card,3M,Charizard ex 223,5/14 to 5/16,$58.78,101
SV03,Card,3M,Charizard ex 223,5/15 to 5/17,$58.95,35
SV03,Card,3M,Charizard ex 223,5/16 to 5/18,$58.71,24
SV03,Card,3M,Charizard ex 223,5/17 to 5/19,$58.63,44
SV03,Card,3M,Charizard ex 223,5/18 to 5/20,$58.66,44
SV03,Card,3M,Charizard ex 223,5/19 to 5/21,$58.44,46
SV03,Card,3M,Charizard ex 223,5/2 to 5/4,$58.24,18
SV03,Card,3M,Charizard ex 223,5/20 to 5/22,$57.79,17
SV03,Card,3M,Charizard ex 223,5/21 to 5/23,$57.19,16
SV03,Card,3M,Charizard ex 223,5/22 to 5/24,$56.56,20
SV03,Card,3M,Charizard ex 223,5/23 to 5/25,$56.34,26
SV03,Card,3M,Charizard ex 223,5/24 to 5/26,$55.95,25
SV03,Card,3M,Charizard ex 223,5/25 to 5/27,$56.44,20
SV03,Card,3M,Charizard ex 223,5/26 to 5/28,$57.11,14
SV03,Card,3M,Charizard ex 223,5/27 to 5/29,$57.29,15
SV03,Card,3M,Charizard ex 223,5/28 to 5/30,$56.71,22
SV03,Card,3M,Charizard ex 223,5/29 to 5/31,$56.03,27
SV03,Card,3M,Charizard ex 223,5/3 to 5/5,$56.16,23
SV03,Card,3M,Charizard ex 223,5/30 to 6/1,$56.06,33
SV03,Card,3M,Charizard ex 223,5/31 to 6/2,$56.36,24
SV03,Card,3M,Charizard ex 223,5/4 to 5/6,$54.56,21
SV03,Card,3M,Charizard ex 223,5/5 to 5/7,$54.26,28
SV03,Card,3M,Charizard ex 223,5/6 to 5/8,$55.58,21
SV03,Card,3M,Charizard ex 223,5/7 to 5/9,$56.78,21
SV03,Card,3M,Charizard ex 223,5/8 to 5/10,$56.74,12
SV03,Card,3M,Charizard ex 223,5/9 to 5/11,$56.30,15
SV03,Card,3M,Charizard ex 223,6/1 to 6/3,$55.70,26
SV03,Card,3M,Charizard ex 223,6/10 to 6/12,$56.14,34
SV03,Card,3M,Charizard ex 223,6/11 to 6/13,$57.01,30
SV03,Card,3M,Charizard ex 223,6/12 to 6/14,$57.91,21
SV03,Card,3M,Charizard ex 223,6/13 to 6/15,$57.64,14
SV03,Card,3M,Charizard ex 223,6/14 to 6/16,$56.90,23
SV03,Card,3M,Charizard ex 223,6/15 to 6/17,$56.05,19
SV03,Card,3M,Charizard ex 223,6/16 to 6/18,$55.44,21
SV03,Card,3M,Charizard ex 223,6/17 to 6/19,$55.14,12
SV03,Card,3M,Charizard ex 223,6/18 to 6/20,$54.41,34
SV03,Card,3M,Charizard ex 223,6/19 to 6/21,$54.65,33
SV03,Card,3M,Charizard ex 223,6/2 to 6/4,$54.97,19
SV03,Card,3M,Charizard ex 223,6/20 to 6/22,$55.44,40
SV03,Card,3M,Charizard ex 223,6/21 to 6/23,$57.15,34
SV03,Card,3M,Charizard ex 223,6/22 to 6/24,$58.48,32
SV03,Card,3M,Charizard ex 223,6/23 to 6/25,$58.91,25
SV03,Card,3M,Charizard ex 223,6/24 to 6/26,$58.65,12
SV03,Card,3M,Charizard ex 223,6/25 to 6/27,$58.24,13
SV03,Card,3M,Charizard ex 223,6/26 to 6/28,$58.08,18
SV03,Card,3M,Charizard ex 223,6/27 to 6/29,$58.56,23
SV03,Card,3M,Charizard ex 223,6/28 to 6/30,$58.65,22
SV03,Card,3M,Charizard ex 223,6/29 to 7/1,$58.62,17
SV03,Card,3M,Charizard ex 223,6/3 to 6/5,$54.10,25
SV03,Card,3M,Charizard ex 223,6/30 to 7/2,$57.57,16
SV03,Card,3M,Charizard ex 223,6/4 to 6/6,$54.22,26
SV03,Card,3M,Charizard ex 223,6/5 to 6/7,$55.29,28
SV03,Card,3M,Charizard ex 223,6/6 to 6/8,$56.31,27
SV03,Card,3M,Charizard ex 223,6/7 to 6/9,$57.95,23
SV03,Card,3M,Charizard ex 223,6/8 to 6/10,$57.29,25
SV03,Card,3M,Charizard ex 223,6/9 to 6/11,$56.81,30
SV03,Card,3M,Charizard ex 223,7/1 to 7/3,$56.58,21
SV03,Card,3M,Charizard ex 223,7/10 to 7/12,$59.62,25
SV03,Card,3M,Charizard ex 223,7/11 to 7/13,$59.21,22
SV03,Card,3M,Charizard ex 223,7/12 to 7/14,$59.33,20
SV03,Card,3M,Charizard ex 223,7/13 to 7/15,$59.49,17
SV03,Card,3M,Charizard ex 223,7/14 to 7/16,$59.48,23
SV03,Card,3M,Charizard ex 223,7/15 to 7/17,$59.38,18
SV03,Card,3M,Charizard ex 223,7/16 to 7/18,$59.23,19
SV03,Card,3M,Charizard ex 223,7/17 to 7/19,$59.25,10
SV03,Card,3M,Charizard ex 223,7/18 to 7/20,$59.01,11
SV03,Card,3M,Charizard ex 223,7/19 to 7/21,$57.90,9
SV03,Card,3M,Charizard ex 223,7/2 to 7/4,$56.10,30
SV03,Card,3M,Charizard ex 223,7/3 to 7/5,$56.41,23
SV03,Card,3M,Charizard ex 223,7/4 to 7/6,$57.18,22
SV03,Card,3M,Charizard ex 223,7/5 to 7/7,$57.94,24
SV03,Card,3M,Charizard ex 223,7/6 to 7/8,$58.81,25
SV03,Card,3M,Charizard ex 223,7/7 to 7/9,$59.62,27
SV03,Card,3M,Charizard ex 223,7/8 to 7/10,$60.08,21
SV03,Card,3M,Charizard ex 223,7/9 to 7/11,$59.88,25
SV03.5,Card,3M,Charizard ex 199,4/21 to 4/23,$210.33,47
SV03.5,Card,3M,Charizard ex 199,4/22 to 4/24,$211.16,39
SV03.5,Card,3M,Charizard ex 199,4/23 to 4/25,$210.14,18
SV03.5,Card,3M,Charizard ex 199,4/24 to 4/26,$209.44,14
SV03.5,Card,3M,Charizard ex 199,4/25 to 4/27,$209.31,13
SV03.5,Card,3M,Charizard ex 199,4/26 to 4/28,$209.09,12
SV03.5,Card,3M,Charizard ex 199,4/27 to 4/29,$208.72,11
SV03.5,Card,3M,Charizard ex 199,4/28 to 4/30,$207.91,9
SV03.5,Card,3M,Charizard ex 199,4/29 to 5/1,$206.73,13
SV03.5,Card,3M,Charizard ex 199,4/30 to 5/2,$205.29,15
SV03.5,Card,3M,Charizard ex 199,5/1 to 5/3,$203.30,21
SV03.5,Card,3M,Charizard ex 199,5/10 to 5/12,$194.56,28
SV03.5,Card,3M,Charizard ex 199,5/11 to 5/13,$194.99,25
SV03.5,Card,3M,Charizard ex 199,5/12 to 5/14,$200.19,87
SV03.5,Card,3M,Charizard ex 199,5/13 to 5/15,$205.76,80
SV03.5,Card,3M,Charizard ex 199,5/14 to 5/16,$210.20,77
SV03.5,Card,3M,Charizard ex 199,5/15 to 5/17,$209.97,9
SV03.5,Card,3M,Charizard ex 199,5/16 to 5/18,$208.98,11
SV03.5,Card,3M,Charizard ex 199,5/17 to 5/19,$209.42,17
SV03.5,Card,3M,Charizard ex 199,5/18 to 5/20,$209.62,20
SV03.5,Card,3M,Charizard ex 199,5/19 to 5/21,$211.57,19
SV03.5,Card,3M,Charizard ex 199,5/2 to 5/4,$201.23,19
SV03.5,Card,3M,Charizard ex 199,5/20 to 5/22,$212.27,12
SV03.5,Card,3M,Charizard ex 199,5/21 to 5/23,$210.76,15
SV03.5,Card,3M,Charizard ex 199,5/22 to 5/24,$208.42,17
SV03.5,Card,3M,Charizard ex 199,5/23 to 5/25,$205.44,23
SV03.5,Card,3M,Charizard ex 199,5/24 to 5/26,$205.06,18
SV03.5,Card,3M,Charizard ex 199,5/25 to 5/27,$204.48,16
SV03.5,Card,3M,Charizard ex 199,5/26 to 5/28,$205.63,33
SV03.5,Card,3M,Charizard ex 199,5/27 to 5/29,$206.25,34
SV03.5,Card,3M,Charizard ex 199,5/28 to 5/30,$207.69,37
SV03.5,Card,3M,Charizard ex 199,5/29 to 5/31,$207.69,11
SV03.5,Card,3M,Charizard ex 199,5/3 to 5/5,$199.21,16
SV03.5,Card,3M,Charizard ex 199,5/30 to 6/1,$207.66,10
SV03.5,Card,3M,Charizard ex 199,5/31 to 6/2,$204.05,15
SV03.5,Card,3M,Charizard ex 199,5/4 to 5/6,$197.76,13
SV03.5,Card,3M,Charizard ex 199,5/5 to 5/7,$196.45,13
SV03.5,Card,3M,Charizard ex 199,5/6 to 5/8,$195.32,13
SV03.5,Card,3M,Charizard ex 199,5/7 to 5/9,$194.55,12
SV03.5,Card,3M,Charizard ex 199,5/8 to 5/10,$194.49,18
SV03.5,Card,3M,Charizard ex 199,5/9 to 5/11,$194.59,23
SV03.5,Card,3M,Charizard ex 199,6/1 to 6/3,$201.11,18
SV03.5,Card,3M,Charizard ex 199,6/10 to 6/12,$186.45,18
SV03.5,Card,3M,Charizard ex 199,6/11 to 6/13,$185.90,21
SV03.5,Card,3M,Charizard ex 199,6/12 to 6/14,$184.32,19
SV03.5,Card,3M,Charizard ex 199,6/13 to 6/15,$180.69,19
SV03.5,Card,3M,Charizard ex 199,6/14 to 6/16,$179.86,22
SV03.5,Card,3M,Charizard ex 199,6/15 to 6/17,$183.66,53
SV03.5,Card,3M,Charizard ex 199,6/16 to 6/18,$188.65,55
SV03.5,Card,3M,Charizard ex 199,6/17 to 6/19,$191.84,47
SV03.5,Card,3M,Charizard ex 199,6/18 to 6/20,$190.86,15
SV03.5,Card,3M,Charizard ex 199,6/19 to 6/21,$188.74,16
SV03.5,Card,3M,Charizard ex 199,6/2 to 6/4,$197.79,18
SV03.5,Card,3M,Charizard ex 199,6/20 to 6/22,$186.88,18
SV03.5,Card,3M,Charizard ex 199,6/21 to 6/23,$185.79,30
SV03.5,Card,3M,Charizard ex 199,6/22 to 6/24,$184.95,27
SV03.5,Card,3M,Charizard ex 199,6/23 to 6/25,$184.40,23
SV03.5,Card,3M,Charizard ex 199,6/24 to 6/26,$184.20,9
SV03.5,Card,3M,Charizard ex 199,6/25 to 6/27,$184.09,12
SV03.5,Card,3M,Charizard ex 199,6/26 to 6/28,$183.62,16
SV03.5,Card,3M,Charizard ex 199,6/27 to 6/29,$181.80,21
SV03.5,Card,3M,Charizard ex 199,6/28 to 6/30,$179.76,22
SV03.5,Card,3M,Charizard ex 199,6/29 to 7/1,$179.25,46
SV03.5,Card,3M,Charizard ex 199,6/3 to 6/5,$197.95,13
SV03.5,Card,3M,Charizard ex 199,6/30 to 7/2,$180.09,48
SV03.5,Card,3M,Charizard ex 199,6/4 to 6/6,$198.73,11
SV03.5,Card,3M,Charizard ex 199,6/5 to 6/7,$198.88,35
SV03.5,Card,3M,Charizard ex 199,6/6 to 6/8,$196.93,34
SV03.5,Card,3M,Charizard ex 199,6/7 to 6/9,$192.81,48
SV03.5,Card,3M,Charizard ex 199,6/8 to 6/10,$189.24,27
SV03.5,Card,3M,Charizard ex 199,6/9 to 6/11,$186.37,30
SV03.5,Card,3M,Charizard ex 199,7/1 to 7/3,$181.40,54
SV03.5,Card,3M,Charizard ex 199,7/10 to 7/12,$189.48,36
SV03.5,Card,3M,Charizard ex 199,7/11 to 7/13,$190.46,36
SV03.5,Card,3M,Charizard ex 199,7/12 to 7/14,$192.01,25
SV03.5,Card,3M,Charizard ex 199,7/13 to 7/15,$192.80,16
SV03.5,Card,3M,Charizard ex 199,7/14 to 7/16,$192.74,13
SV03.5,Card,3M,Charizard ex 199,7/15 to 7/17,$193.26,12
SV03.5,Card,3M,Charizard ex 199,7/16 to 7/18,$194.10,15
SV03.5,Card,3M,Charizard ex 199,7/17 to 7/19,$194.94,17
SV03.5,Card,3M,Charizard ex 199,7/18 to 7/20,$194.87,14
SV03.5,Card,3M,Charizard ex 199,7/19 to 7/21,$194.10,0
SV03.5,Card,3M,Charizard ex 199,7/2 to 7/4,$182.85,33
SV03.5,Card,3M,Charizard ex 199,7/20 to 7/22,$194.94,0
SV03.5,Card,3M,Charizard ex 199,7/21 to 7/23,$194.87,0
SV03.5,Card,3M,Charizard ex 199,7/3 to 7/5,$185.42,33
SV03.5,Card,3M,Charizard ex 199,7/4 to 7/6,$188.07,23
SV03.5,Card,3M,Charizard ex 199,7/5 to 7/7,$188.98,22
SV03.5,Card,3M,Charizard ex 199,7/6 to 7/8,$188.72,14
SV03.5,Card,3M,Charizard ex 199,7/7 to 7/9,$188.32,23
SV03.5,Card,3M,Charizard ex 199,7/8 to 7/10,$188.70,21
SV03.5,Card,3M,Charizard ex 199,7/9 to 7/11,$188.86,37
SV04,Card,3M,Groudon 199,4/20 to 4/22,$82.43,5
SV04,Card,3M,Groudon 199,4/21 to 4/23,$82.19,8
SV04,Card,3M,Groudon 199,4/23 to 4/25,$81.54,6
SV04,Card,3M,Groudon 199,4/24 to 4/26,$81.06,4
SV04,Card,3M,Groudon 199,4/25 to 4/27,$80.37,5
SV04,Card,3M,Groudon 199,4/26 to 4/28,$79.35,9
SV04,Card,3M,Groudon 199,4/27 to 4/29,$78.78,11
SV04,Card,3M,Groudon 199,4/28 to 4/30,$78.17,12
SV04,Card,3M,Groudon 199,4/29 to 5/1,$77.61,12
SV04,Card,3M,Groudon 199,4/30 to 5/2,$77.03,9
SV04,Card,3M,Groudon 199,5/1 to 5/3,$76.55,7
SV04,Card,3M,Groudon 199,5/10 to 5/12,$74.38,6
SV04,Card,3M,Groudon 199,5/11 to 5/13,$73.57,7
SV04,Card,3M,Groudon 199,5/12 to 5/14,$72.24,48
SV04,Card,3M,Groudon 199,5/13 to 5/15,$71.45,51
SV04,Card,3M,Groudon 199,5/14 to 5/16,$71.08,52
SV04,Card,3M,Groudon 199,5/15 to 5/17,$71.37,17
SV04,Card,3M,Groudon 199,5/16 to 5/18,$71.55,18
SV04,Card,3M,Groudon 199,5/17 to 5/19,$71.77,21
SV04,Card,3M,Groudon 199,5/18 to 5/20,$71.92,20
SV04,Card,3M,Groudon 199,5/19 to 5/21,$72.09,20
SV04,Card,3M,Groudon 199,5/2 to 5/4,$76.21,4
SV04,Card,3M,Groudon 199,5/20 to 5/22,$72.72,19
SV04,Card,3M,Groudon 199,5/21 to 5/23,$73.56,16
SV04,Card,3M,Groudon 199,5/22 to 5/24,$74.23,12
SV04,Card,3M,Groudon 199,5/23 to 5/25,$74.08,16
SV04,Card,3M,Groudon 199,5/24 to 5/26,$73.34,32
SV04,Card,3M,Groudon 199,5/25 to 5/27,$72.60,33
SV04,Card,3M,Groudon 199,5/26 to 5/28,$72.11,23
SV04,Card,3M,Groudon 199,5/27 to 5/29,$72.18,4
SV04,Card,3M,Groudon 199,5/28 to 5/30,$72.63,4
SV04,Card,3M,Groudon 199,5/29 to 5/31,$73.31,6
SV04,Card,3M,Groudon 199,5/3 to 5/5,$76.59,8
SV04,Card,3M,Groudon 199,5/30 to 6/1,$74.13,9
SV04,Card,3M,Groudon 199,5/31 to 6/2,$74.54,9
SV04,Card,3M,Groudon 199,5/4 to 5/6,$77.04,8
SV04,Card,3M,Groudon 199,5/5 to 5/7,$77.51,9
SV04,Card,3M,Groudon 199,5/6 to 5/8,$77.36,5
SV04,Card,3M,Groudon 199,5/7 to 5/9,$76.69,7
SV04,Card,3M,Groudon 199,5/8 to 5/10,$75.92,7
SV04,Card,3M,Groudon 199,5/9 to 5/11,$75.02,7
SV04,Card,3M,Groudon 199,6/1 to 6/3,$74.68,8
SV04,Card,3M,Groudon 199,6/10 to 6/12,$73.69,7
SV04,Card,3M,Groudon 199,6/11 to 6/13,$73.74,9
SV04,Card,3M,Groudon 199,6/12 to 6/14,$73.53,7
SV04,Card,3M,Groudon 199,6/13 to 6/15,$73.36,5
SV04,Card,3M,Groudon 199,6/14 to 6/16,$73.18,6
SV04,Card,3M,Groudon 199,6/15 to 6/17,$73.39,7
SV04,Card,3M,Groudon 199,6/16 to 6/18,$73.32,8
SV04,Card,3M,Groudon 199,6/17 to 6/19,$72.95,8
SV04,Card,3M,Groudon 199,6/18 to 6/20,$72.21,6
SV04,Card,3M,Groudon 199,6/19 to 6/21,$71.73,7
SV04,Card,3M,Groudon 199,6/2 to 6/4,$74.66,7
SV04,Card,3M,Groudon 199,6/20 to 6/22,$71.49,6
SV04,Card,3M,Groudon 199,6/21 to 6/23,$71.26,6
SV04,Card,3M,Groudon 199,6/22 to 6/24,$70.45,5
SV04,Card,3M,Groudon 199,6/23 to 6/25,$69.69,6
SV04,Card,3M,Groudon 199,6/24 to 6/26,$68.88,6
SV04,Card,3M,Groudon 199,6/25 to 6/27,$68.65,6
SV04,Card,3M,Groudon 199,6/26 to 6/28,$68.26,11
SV04,Card,3M,Groudon 199,6/27 to 6/29,$68.01,12
SV04,Card,3M,Groudon 199,6/28 to 6/30,$67.64,13
SV04,Card,3M,Groudon 199,6/29 to 7/1,$67.32,8
SV04,Card,3M,Groudon 199,6/3 to 6/5,$74.69,4
SV04,Card,3M,Groudon 199,6/30 to 7/2,$67.40,10
SV04,Card,3M,Groudon 199,6/4 to 6/6,$74.92,5
SV04,Card,3M,Groudon 199,6/5 to 6/7,$74.45,20
SV04,Card,3M,Groudon 199,6/6 to 6/8,$73.97,21
SV04,Card,3M,Groudon 199,6/7 to 6/9,$73.35,29
SV04,Card,3M,Groudon 199,6/8 to 6/10,$73.37,11
SV04,Card,3M,Groudon 199,6/9 to 6/11,$73.58,14
SV04,Card,3M,Groudon 199,7/1 to 7/3,$67.71,8
SV04,Card,3M,Groudon 199,7/10 to 7/12,$68.89,18
SV04,Card,3M,Groudon 199,7/11 to 7/13,$69.34,22
SV04,Card,3M,Groudon 199,7/12 to 7/14,$69.61,13
SV04,Card,3M,Groudon 199,7/13 to 7/15,$69.98,15
SV04,Card,3M,Groudon 199,7/14 to 7/16,$70.36,10
SV04,Card,3M,Groudon 199,7/15 to 7/17,$70.64,7
SV04,Card,3M,Groudon 199,7/16 to 7/18,$70.67,7
SV04,Card,3M,Groudon 199,7/17 to 7/19,$70.52,9
SV04,Card,3M,Groudon 199,7/18 to 7/20,$70.47,11
SV04,Card,3M,Groudon 199,7/19 to 7/21,$70.67,0
SV04,Card,3M,Groudon 199,7/2 to 7/4,$68.11,7
SV04,Card,3M,Groudon 199,7/20 to 7/22,$70.52,0
SV04,Card,3M,Groudon 199,7/21 to 7/23,$70.47,0
SV04,Card,3M,Groudon 199,7/3 to 7/5,$68.10,5
SV04,Card,3M,Groudon 199,7/4 to 7/6,$68.08,4
SV04,Card,3M,Groudon 199,7/5 to 7/7,$68.01,5
SV04,Card,3M,Groudon 199,7/6 to 7/8,$68.04,20
SV04,Card,3M,Groudon 199,7/7 to 7/9,$68.07,20
SV04,Card,3M,Groudon 199,7/8 to 7/10,$68.24,20
SV04,Card,3M,Groudon 199,7/9 to 7/11,$68.54,16
SV04.5,Card,3M,Mew ex 232,4/22 to 4/24,$319.90,26
SV04.5,Card,3M,Mew ex 232,4/23 to 4/25,$319.90,6
SV04.5,Card,3M,Mew ex 232,4/24 to 4/26,$319.17,8
SV04.5,Card,3M,Mew ex 232,4/25 to 4/27,$316.87,8
SV04.5,Card,3M,Mew ex 232,4/26 to 4/28,$314.13,9
SV04.5,Card,3M,Mew ex 232,4/27 to 4/29,$315.12,45
SV04.5,Card,3M,Mew ex 232,4/28 to 4/30,$317.89,45
SV04.5,Card,3M,Mew ex 232,4/29 to 5/1,$321.36,45
SV04.5,Card,3M,Mew ex 232,4/30 to 5/2,$320.82,5
SV04.5,Card,3M,Mew ex 232,5/1 to 5/3,$320.13,5
SV04.5,Card,3M,Mew ex 232,5/10 to 5/12,$305.42,3
SV04.5,Card,3M,Mew ex 232,5/11 to 5/13,$304.65,3
SV04.5,Card,3M,Mew ex 232,5/12 to 5/14,$303.32,24
SV04.5,Card,3M,Mew ex 232,5/13 to 5/15,$302.80,22
SV04.5,Card,3M,Mew ex 232,5/14 to 5/16,$302.48,24
SV04.5,Card,3M,Mew ex 232,5/15 to 5/17,$302.68,4
SV04.5,Card,3M,Mew ex 232,5/16 to 5/18,$302.37,5
SV04.5,Card,3M,Mew ex 232,5/17 to 5/19,$301.86,5
SV04.5,Card,3M,Mew ex 232,5/18 to 5/20,$302.07,6
SV04.5,Card,3M,Mew ex 232,5/19 to 5/21,$302.61,5
SV04.5,Card,3M,Mew ex 232,5/2 to 5/4,$318.11,6
SV04.5,Card,3M,Mew ex 232,5/20 to 5/22,$303.13,5
SV04.5,Card,3M,Mew ex 232,5/21 to 5/23,$302.83,8
SV04.5,Card,3M,Mew ex 232,5/22 to 5/24,$302.24,11
SV04.5,Card,3M,Mew ex 232,5/23 to 5/25,$301.61,10
SV04.5,Card,3M,Mew ex 232,5/24 to 5/26,$301.11,5
SV04.5,Card,3M,Mew ex 232,5/25 to 5/27,$300.89,3
SV04.5,Card,3M,Mew ex 232,5/26 to 5/28,$300.64,3
SV04.5,Card,3M,Mew ex 232,5/27 to 5/29,$300.40,3
SV04.5,Card,3M,Mew ex 232,5/28 to 5/30,$300.31,1
SV04.5,Card,3M,Mew ex 232,5/29 to 5/31,$300.17,2
SV04.5,Card,3M,Mew ex 232,5/3 to 5/5,$314.65,7
SV04.5,Card,3M,Mew ex 232,5/30 to 6/1,$299.49,7
SV04.5,Card,3M,Mew ex 232,5/31 to 6/2,$298.67,8
SV04.5,Card,3M,Mew ex 232,5/4 to 5/6,$311.27,9
SV04.5,Card,3M,Mew ex 232,5/5 to 5/7,$308.26,9
SV04.5,Card,3M,Mew ex 232,5/6 to 5/8,$307.20,6
SV04.5,Card,3M,Mew ex 232,5/7 to 5/9,$306.34,5
SV04.5,Card,3M,Mew ex 232,5/8 to 5/10,$306.19,3
SV04.5,Card,3M,Mew ex 232,5/9 to 5/11,$306.19,2
SV04.5,Card,3M,Mew ex 232,6/1 to 6/3,$297.99,6
SV04.5,Card,3M,Mew ex 232,6/10 to 6/12,$291.46,3
SV04.5,Card,3M,Mew ex 232,6/11 to 6/13,$293.31,3
SV04.5,Card,3M,Mew ex 232,6/12 to 6/14,$296.12,2
SV04.5,Card,3M,Mew ex 232,6/13 to 6/15,$296.02,2
SV04.5,Card,3M,Mew ex 232,6/14 to 6/16,$295.95,2
SV04.5,Card,3M,Mew ex 232,6/15 to 6/17,$296.14,4
SV04.5,Card,3M,Mew ex 232,6/16 to 6/18,$296.33,4
SV04.5,Card,3M,Mew ex 232,6/17 to 6/19,$296.07,3
SV04.5,Card,3M,Mew ex 232,6/18 to 6/20,$294.71,3
SV04.5,Card,3M,Mew ex 232,6/19 to 6/21,$292.98,6
SV04.5,Card,3M,Mew ex 232,6/2 to 6/4,$297.85,1
SV04.5,Card,3M,Mew ex 232,6/20 to 6/22,$291.62,6
SV04.5,Card,3M,Mew ex 232,6/21 to 6/23,$290.59,6
SV04.5,Card,3M,Mew ex 232,6/22 to 6/24,$290.60,13
SV04.5,Card,3M,Mew ex 232,6/23 to 6/25,$291.11,14
SV04.5,Card,3M,Mew ex 232,6/24 to 6/26,$292.03,13
SV04.5,Card,3M,Mew ex 232,6/25 to 6/27,$293.83,13
SV04.5,Card,3M,Mew ex 232,6/26 to 6/28,$295.57,14
SV04.5,Card,3M,Mew ex 232,6/27 to 6/29,$297.75,24
SV04.5,Card,3M,Mew ex 232,6/28 to 6/30,$298.35,14
SV04.5,Card,3M,Mew ex 232,6/29 to 7/1,$299.02,16
SV04.5,Card,3M,Mew ex 232,6/3 to 6/5,$298.14,2
SV04.5,Card,3M,Mew ex 232,6/30 to 7/2,$299.53,9
SV04.5,Card,3M,Mew ex 232,6/4 to 6/6,$298.76,4
SV04.5,Card,3M,Mew ex 232,6/5 to 6/7,$298.70,7
SV04.5,Card,3M,Mew ex 232,6/6 to 6/8,$298.62,8
SV04.5,Card,3M,Mew ex 232,6/7 to 6/9,$298.06,7
SV04.5,Card,3M,Mew ex 232,6/8 to 6/10,$295.67,6
SV04.5,Card,3M,Mew ex 232,6/9 to 6/11,$292.04,4
SV04.5,Card,3M,Mew ex 232,7/1 to 7/3,$300.02,12
SV04.5,Card,3M,Mew ex 232,7/10 to 7/12,$310.14,37
SV04.5,Card,3M,Mew ex 232,7/11 to 7/13,$314.12,18
SV04.5,Card,3M,Mew ex 232,7/12 to 7/14,$319.59,19
SV04.5,Card,3M,Mew ex 232,7/13 to 7/15,$326.29,12
SV04.5,Card,3M,Mew ex 232,7/14 to 7/16,$333.03,9
SV04.5,Card,3M,Mew ex 232,7/15 to 7/17,$338.56,8
SV04.5,Card,3M,Mew ex 232,7/16 to 7/18,$340.55,5
SV04.5,Card,3M,Mew ex 232,7/17 to 7/19,$342.55,5
SV04.5,Card,3M,Mew ex 232,7/18 to 7/20,$344.27,4
SV04.5,Card,3M,Mew ex 232,7/19 to 7/21,$340.55,0
SV04.5,Card,3M,Mew ex 232,7/2 to 7/4,$299.39,12
SV04.5,Card,3M,Mew ex 232,7/20 to 7/22,$342.55,0
SV04.5,Card,3M,Mew ex 232,7/21 to 7/23,$344.27,0
SV04.5,Card,3M,Mew ex 232,7/3 to 7/5,$298.63,8
SV04.5,Card,3M,Mew ex 232,7/4 to 7/6,$297.88,7
SV04.5,Card,3M,Mew ex 232,7/5 to 7/7,$297.85,6
SV04.5,Card,3M,Mew ex 232,7/6 to 7/8,$297.96,8
SV04.5,Card,3M,Mew ex 232,7/7 to 7/9,$298.24,8
SV04.5,Card,3M,Mew ex 232,7/8 to 7/10,$300.90,20
SV04.5,Card,3M,Mew ex 232,7/9 to 7/11,$303.75,21
SV05,Card,3M,Raging Bolt ex 208,4/22 to 4/24,$93.48,6
SV05,Card,3M,Raging Bolt ex 208,4/23 to 4/25,$93.41,3
SV05,Card,3M,Raging Bolt ex 208,4/24 to 4/26,$93.13,4
SV05,Card,3M,Raging Bolt ex 208,4/25 to 4/27,$92.71,3
SV05,Card,3M,Raging Bolt ex 208,4/26 to 4/28,$92.24,4
SV05,Card,3M,Raging Bolt ex 208,4/27 to 4/29,$91.88,4
SV05,Card,3M,Raging Bolt ex 208,4/28 to 4/30,$91.70,3
SV05,Card,3M,Raging Bolt ex 208,4/29 to 5/1,$91.55,3
SV05,Card,3M,Raging Bolt ex 208,4/30 to 5/2,$91.30,5
SV05,Card,3M,Raging Bolt ex 208,5/1 to 5/3,$90.95,5
SV05,Card,3M,Raging Bolt ex 208,5/10 to 5/12,$82.96,5
SV05,Card,3M,Raging Bolt ex 208,5/11 to 5/13,$82.56,7
SV05,Card,3M,Raging Bolt ex 208,5/12 to 5/14,$82.36,48
SV05,Card,3M,Raging Bolt ex 208,5/13 to 5/15,$82.12,52
SV05,Card,3M,Raging Bolt ex 208,5/14 to 5/16,$82.11,49
SV05,Card,3M,Raging Bolt ex 208,5/15 to 5/17,$82.07,11
SV05,Card,3M,Raging Bolt ex 208,5/16 to 5/18,$82.17,11
SV05,Card,3M,Raging Bolt ex 208,5/17 to 5/19,$82.26,14
SV05,Card,3M,Raging Bolt ex 208,5/18 to 5/20,$82.32,11
SV05,Card,3M,Raging Bolt ex 208,5/19 to 5/21,$82.21,6
SV05,Card,3M,Raging Bolt ex 208,5/2 to 5/4,$90.48,5
SV05,Card,3M,Raging Bolt ex 208,5/20 to 5/22,$82.11,6
SV05,Card,3M,Raging Bolt ex 208,5/21 to 5/23,$82.08,16
SV05,Card,3M,Raging Bolt ex 208,5/22 to 5/24,$81.95,18
SV05,Card,3M,Raging Bolt ex 208,5/23 to 5/25,$81.76,17
SV05,Card,3M,Raging Bolt ex 208,5/24 to 5/26,$81.49,7
SV05,Card,3M,Raging Bolt ex 208,5/25 to 5/27,$81.34,7
SV05,Card,3M,Raging Bolt ex 208,5/26 to 5/28,$81.22,6
SV05,Card,3M,Raging Bolt ex 208,5/27 to 5/29,$81.15,5
SV05,Card,3M,Raging Bolt ex 208,5/28 to 5/30,$81.10,3
SV05,Card,3M,Raging Bolt ex 208,5/29 to 5/31,$80.84,6
SV05,Card,3M,Raging Bolt ex 208,5/3 to 5/5,$90.11,4
SV05,Card,3M,Raging Bolt ex 208,5/30 to 6/1,$80.49,8
SV05,Card,3M,Raging Bolt ex 208,5/31 to 6/2,$79.99,10
SV05,Card,3M,Raging Bolt ex 208,5/4 to 5/6,$89.05,8
SV05,Card,3M,Raging Bolt ex 208,5/5 to 5/7,$87.57,13
SV05,Card,3M,Raging Bolt ex 208,5/6 to 5/8,$85.89,15
SV05,Card,3M,Raging Bolt ex 208,5/7 to 5/9,$84.69,14
SV05,Card,3M,Raging Bolt ex 208,5/8 to 5/10,$83.92,9
SV05,Card,3M,Raging Bolt ex 208,5/9 to 5/11,$83.25,7
SV05,Card,3M,Raging Bolt ex 208,6/1 to 6/3,$79.93,8
SV05,Card,3M,Raging Bolt ex 208,6/10 to 6/12,$79.35,8
SV05,Card,3M,Raging Bolt ex 208,6/11 to 6/13,$78.88,11
SV05,Card,3M,Raging Bolt ex 208,6/12 to 6/14,$78.49,11
SV05,Card,3M,Raging Bolt ex 208,6/13 to 6/15,$78.07,10
SV05,Card,3M,Raging Bolt ex 208,6/14 to 6/16,$77.98,5
SV05,Card,3M,Raging Bolt ex 208,6/15 to 6/17,$77.53,9
SV05,Card,3M,Raging Bolt ex 208,6/16 to 6/18,$77.02,12
SV05,Card,3M,Raging Bolt ex 208,6/17 to 6/19,$76.45,12
SV05,Card,3M,Raging Bolt ex 208,6/18 to 6/20,$76.20,9
SV05,Card,3M,Raging Bolt ex 208,6/19 to 6/21,$76.02,6
SV05,Card,3M,Raging Bolt ex 208,6/2 to 6/4,$79.94,6
SV05,Card,3M,Raging Bolt ex 208,6/20 to 6/22,$75.87,6
SV05,Card,3M,Raging Bolt ex 208,6/21 to 6/23,$75.63,7
SV05,Card,3M,Raging Bolt ex 208,6/22 to 6/24,$75.35,8
SV05,Card,3M,Raging Bolt ex 208,6/23 to 6/25,$75.12,6
SV05,Card,3M,Raging Bolt ex 208,6/24 to 6/26,$75.01,7
SV05,Card,3M,Raging Bolt ex 208,6/25 to 6/27,$74.97,6
SV05,Card,3M,Raging Bolt ex 208,6/26 to 6/28,$74.98,10
SV05,Card,3M,Raging Bolt ex 208,6/27 to 6/29,$75.02,8
SV05,Card,3M,Raging Bolt ex 208,6/28 to 6/30,$75.04,9
SV05,Card,3M,Raging Bolt ex 208,6/29 to 7/1,$75.00,6
SV05,Card,3M,Raging Bolt ex 208,6/3 to 6/5,$80.05,5
SV05,Card,3M,Raging Bolt ex 208,6/30 to 7/2,$74.92,8
SV05,Card,3M,Raging Bolt ex 208,6/4 to 6/6,$79.94,6
SV05,Card,3M,Raging Bolt ex 208,6/5 to 6/7,$79.81,8
SV05,Card,3M,Raging Bolt ex 208,6/6 to 6/8,$79.73,8
SV05,Card,3M,Raging Bolt ex 208,6/7 to 6/9,$79.68,6
SV05,Card,3M,Raging Bolt ex 208,6/8 to 6/10,$79.64,7
SV05,Card,3M,Raging Bolt ex 208,6/9 to 6/11,$79.52,7
SV05,Card,3M,Raging Bolt ex 208,7/1 to 7/3,$74.83,10
SV05,Card,3M,Raging Bolt ex 208,7/10 to 7/12,$72.96,11
SV05,Card,3M,Raging Bolt ex 208,7/11 to 7/13,$72.64,8
SV05,Card,3M,Raging Bolt ex 208,7/12 to 7/14,$72.36,8
SV05,Card,3M,Raging Bolt ex 208,7/13 to 7/15,$71.83,11
SV05,Card,3M,Raging Bolt ex 208,7/14 to 7/16,$71.26,11
SV05,Card,3M,Raging Bolt ex 208,7/15 to 7/17,$70.77,11
SV05,Card,3M,Raging Bolt ex 208,7/16 to 7/18,$70.49,10
SV05,Card,3M,Raging Bolt ex 208,7/17 to 7/19,$70.28,10
SV05,Card,3M,Raging Bolt ex 208,7/18 to 7/20,$69.83,11
SV05,Card,3M,Raging Bolt ex 208,7/19 to 7/21,$70.49,0
SV05,Card,3M,Raging Bolt ex 208,7/2 to 7/4,$74.71,12
SV05,Card,3M,Raging Bolt ex 208,7/20 to 7/22,$70.28,0
SV05,Card,3M,Raging Bolt ex 208,7/21 to 7/23,$69.83,0
SV05,Card,3M,Raging Bolt ex 208,7/3 to 7/5,$74.57,9
SV05,Card,3M,Raging Bolt ex 208,7/4 to 7/6,$74.38,10
SV05,Card,3M,Raging Bolt ex 208,7/5 to 7/7,$74.23,10
SV05,Card,3M,Raging Bolt ex 208,7/6 to 7/8,$74.14,9
SV05,Card,3M,Raging Bolt ex 208,7/7 to 7/9,$74.09,5
SV05,Card,3M,Raging Bolt ex 208,7/8 to 7/10,$73.82,7
SV05,Card,3M,Raging Bolt ex 208,7/9 to 7/11,$73.41,10
SV06,Card,3M,Greninja ex 214,4/22 to 4/24,$334.57,4
SV06,Card,3M,Greninja ex 214,4/23 to 4/25,$332.33,3
SV06,Card,3M,Greninja ex 214,4/24 to 4/26,$328.05,5
SV06,Card,3M,Greninja ex 214,4/25 to 4/27,$326.00,4
SV06,Card,3M,Greninja ex 214,4/26 to 4/28,$321.14,4
SV06,Card,3M,Greninja ex 214,4/27 to 4/29,$318.94,3
SV06,Card,3M,Greninja ex 214,4/28 to 4/30,$318.35,3
SV06,Card,3M,Greninja ex 214,4/29 to 5/1,$317.16,2
SV06,Card,3M,Greninja ex 214,4/30 to 5/2,$317.16,0
SV06,Card,3M,Greninja ex 214,5/1 to 5/3,$315.73,2
SV06,Card,3M,Greninja ex 214,5/10 to 5/12,$296.28,3
SV06,Card,3M,Greninja ex 214,5/11 to 5/13,$295.24,4
SV06,Card,3M,Greninja ex 214,5/12 to 5/14,$294.72,26
SV06,Card,3M,Greninja ex 214,5/13 to 5/15,$294.77,28
SV06,Card,3M,Greninja ex 214,5/14 to 5/16,$295.41,26
SV06,Card,3M,Greninja ex 214,5/15 to 5/17,$295.76,2
SV06,Card,3M,Greninja ex 214,5/16 to 5/18,$295.90,1
SV06,Card,3M,Greninja ex 214,5/17 to 5/19,$295.38,2
SV06,Card,3M,Greninja ex 214,5/18 to 5/20,$295.69,4
SV06,Card,3M,Greninja ex 214,5/19 to 5/21,$295.64,3
SV06,Card,3M,Greninja ex 214,5/2 to 5/4,$314.30,2
SV06,Card,3M,Greninja ex 214,5/20 to 5/22,$295.56,3
SV06,Card,3M,Greninja ex 214,5/21 to 5/23,$295.19,5
SV06,Card,3M,Greninja ex 214,5/22 to 5/24,$294.88,6
SV06,Card,3M,Greninja ex 214,5/23 to 5/25,$295.23,5
SV06,Card,3M,Greninja ex 214,5/24 to 5/26,$295.28,1
SV06,Card,3M,Greninja ex 214,5/25 to 5/27,$295.28,0
SV06,Card,3M,Greninja ex 214,5/26 to 5/28,$295.29,1
SV06,Card,3M,Greninja ex 214,5/27 to 5/29,$295.51,2
SV06,Card,3M,Greninja ex 214,5/28 to 5/30,$294.98,3
SV06,Card,3M,Greninja ex 214,5/29 to 5/31,$294.44,2
SV06,Card,3M,Greninja ex 214,5/3 to 5/5,$312.33,3
SV06,Card,3M,Greninja ex 214,5/30 to 6/1,$292.70,3
SV06,Card,3M,Greninja ex 214,5/31 to 6/2,$291.71,2
SV06,Card,3M,Greninja ex 214,5/4 to 5/6,$309.17,5
SV06,Card,3M,Greninja ex 214,5/5 to 5/7,$305.16,7
SV06,Card,3M,Greninja ex 214,5/6 to 5/8,$301.36,8
SV06,Card,3M,Greninja ex 214,5/7 to 5/9,$299.56,6
SV06,Card,3M,Greninja ex 214,5/8 to 5/10,$298.33,5
SV06,Card,3M,Greninja ex 214,5/9 to 5/11,$296.99,5
SV06,Card,3M,Greninja ex 214,6/1 to 6/3,$290.30,4
SV06,Card,3M,Greninja ex 214,6/10 to 6/12,$287.34,3
SV06,Card,3M,Greninja ex 214,6/11 to 6/13,$287.83,2
SV06,Card,3M,Greninja ex 214,6/12 to 6/14,$288.31,2
SV06,Card,3M,Greninja ex 214,6/13 to 6/15,$287.72,4
SV06,Card,3M,Greninja ex 214,6/14 to 6/16,$285.94,7
SV06,Card,3M,Greninja ex 214,6/15 to 6/17,$283.50,9
SV06,Card,3M,Greninja ex 214,6/16 to 6/18,$280.39,8
SV06,Card,3M,Greninja ex 214,6/17 to 6/19,$279.15,6
SV06,Card,3M,Greninja ex 214,6/18 to 6/20,$278.56,4
SV06,Card,3M,Greninja ex 214,6/19 to 6/21,$278.57,4
SV06,Card,3M,Greninja ex 214,6/2 to 6/4,$289.77,3
SV06,Card,3M,Greninja ex 214,6/20 to 6/22,$277.42,5
SV06,Card,3M,Greninja ex 214,6/21 to 6/23,$276.27,5
SV06,Card,3M,Greninja ex 214,6/22 to 6/24,$275.57,3
SV06,Card,3M,Greninja ex 214,6/23 to 6/25,$275.19,1
SV06,Card,3M,Greninja ex 214,6/24 to 6/26,$274.51,4
SV06,Card,3M,Greninja ex 214,6/25 to 6/27,$273.85,4
SV06,Card,3M,Greninja ex 214,6/26 to 6/28,$273.03,4
SV06,Card,3M,Greninja ex 214,6/27 to 6/29,$272.49,2
SV06,Card,3M,Greninja ex 214,6/28 to 6/30,$272.11,1
SV06,Card,3M,Greninja ex 214,6/29 to 7/1,$270.97,4
SV06,Card,3M,Greninja ex 214,6/3 to 6/5,$289.25,3
SV06,Card,3M,Greninja ex 214,6/30 to 7/2,$269.86,3
SV06,Card,3M,Greninja ex 214,6/4 to 6/6,$289.15,1
SV06,Card,3M,Greninja ex 214,6/5 to 6/7,$288.87,2
SV06,Card,3M,Greninja ex 214,6/6 to 6/8,$288.43,3
SV06,Card,3M,Greninja ex 214,6/7 to 6/9,$287.60,5
SV06,Card,3M,Greninja ex 214,6/8 to 6/10,$287.12,4
SV06,Card,3M,Greninja ex 214,6/9 to 6/11,$286.80,3
SV06,Card,3M,Greninja ex 214,7/1 to 7/3,$268.24,6
SV06,Card,3M,Greninja ex 214,7/10 to 7/12,$268.02,8
SV06,Card,3M,Greninja ex 214,7/11 to 7/13,$267.51,8
SV06,Card,3M,Greninja ex 214,7/12 to 7/14,$266.97,6
SV06,Card,3M,Greninja ex 214,7/13 to 7/15,$266.42,6
SV06,Card,3M,Greninja ex 214,7/14 to 7/16,$266.17,4
SV06,Card,3M,Greninja ex 214,7/15 to 7/17,$265.97,3
SV06,Card,3M,Greninja ex 214,7/16 to 7/18,$265.73,3
SV06,Card,3M,Greninja ex 214,7/17 to 7/19,$266.36,13
SV06,Card,3M,Greninja ex 214,7/18 to 7/20,$265.97,0
SV06,Card,3M,Greninja ex 214,7/19 to 7/21,$265.73,0
SV06,Card,3M,Greninja ex 214,7/2 to 7/4,$267.94,4
SV06,Card,3M,Greninja ex 214,7/20 to 7/22,$266.36,0
SV06,Card,3M,Greninja ex 214,7/3 to 7/5,$267.64,4
SV06,Card,3M,Greninja ex 214,7/4 to 7/6,$267.77,2
SV06,Card,3M,Greninja ex 214,7/5 to 7/7,$267.60,1
SV06,Card,3M,Greninja ex 214,7/6 to 7/8,$267.41,2
SV06,Card,3M,Greninja ex 214,7/7 to 7/9,$267.32,2
SV06,Card,3M,Greninja ex 214,7/8 to 7/10,$267.59,5
SV06,Card,3M,Greninja ex 214,7/9 to 7/11,$267.84,8
SV06.5,Card,3M,Fezandipiti ex 092,4/22 to 4/24,$48.29,6
SV06.5,Card,3M,Fezandipiti ex 092,4/23 to 4/25,$48.42,8
SV06.5,Card,3M,Fezandipiti ex 092,4/25 to 4/27,$48.56,4
SV06.5,Card,3M,Fezandipiti ex 092,4/26 to 4/28,$48.65,2
SV06.5,Card,3M,Fezandipiti ex 092,4/28 to 4/30,$49.05,5
SV06.5,Card,3M,Fezandipiti ex 092,4/29 to 5/1,$49.15,3
SV06.5,Card,3M,Fezandipiti ex 092,5/1 to 5/3,$49.18,3
SV06.5,Card,3M,Fezandipiti ex 092,5/10 to 5/12,$48.34,3
SV06.5,Card,3M,Fezandipiti ex 092,5/11 to 5/13,$48.16,6
SV06.5,Card,3M,Fezandipiti ex 092,5/13 to 5/15,$47.67,24
SV06.5,Card,3M,Fezandipiti ex 092,5/14 to 5/16,$47.39,24
SV06.5,Card,3M,Fezandipiti ex 092,5/16 to 5/18,$47.26,6
SV06.5,Card,3M,Fezandipiti ex 092,5/17 to 5/19,$47.05,8
SV06.5,Card,3M,Fezandipiti ex 092,5/19 to 5/21,$46.27,8
SV06.5,Card,3M,Fezandipiti ex 092,5/2 to 5/4,$49.33,8
SV06.5,Card,3M,Fezandipiti ex 092,5/20 to 5/22,$46.09,3
SV06.5,Card,3M,Fezandipiti ex 092,5/22 to 5/24,$45.99,3
SV06.5,Card,3M,Fezandipiti ex 092,5/23 to 5/25,$45.95,3
SV06.5,Card,3M,Fezandipiti ex 092,5/25 to 5/27,$45.11,7
SV06.5,Card,3M,Fezandipiti ex 092,5/26 to 5/28,$44.80,13
SV06.5,Card,3M,Fezandipiti ex 092,5/28 to 5/30,$44.89,11
SV06.5,Card,3M,Fezandipiti ex 092,5/29 to 5/31,$44.79,7
SV06.5,Card,3M,Fezandipiti ex 092,5/31 to 6/2,$45.58,9
SV06.5,Card,3M,Fezandipiti ex 092,5/4 to 5/6,$49.13,11
SV06.5,Card,3M,Fezandipiti ex 092,5/5 to 5/7,$48.75,9
SV06.5,Card,3M,Fezandipiti ex 092,5/7 to 5/9,$48.62,12
SV06.5,Card,3M,Fezandipiti ex 092,5/8 to 5/10,$48.64,9
SV06.5,Card,3M,Fezandipiti ex 092,6/1 to 6/3,$46.16,8
SV06.5,Card,3M,Fezandipiti ex 092,6/10 to 6/12,$46.06,3
SV06.5,Card,3M,Fezandipiti ex 092,6/12 to 6/14,$45.63,2
SV06.5,Card,3M,Fezandipiti ex 092,6/13 to 6/15,$45.46,4
SV06.5,Card,3M,Fezandipiti ex 092,6/15 to 6/17,$45.39,4
SV06.5,Card,3M,Fezandipiti ex 092,6/16 to 6/18,$45.18,3
SV06.5,Card,3M,Fezandipiti ex 092,6/18 to 6/20,$44.30,6
SV06.5,Card,3M,Fezandipiti ex 092,6/19 to 6/21,$44.00,6
SV06.5,Card,3M,Fezandipiti ex 092,6/21 to 6/23,$44.43,7
SV06.5,Card,3M,Fezandipiti ex 092,6/22 to 6/24,$44.56,8
SV06.5,Card,3M,Fezandipiti ex 092,6/24 to 6/26,$43.71,9
SV06.5,Card,3M,Fezandipiti ex 092,6/25 to 6/27,$43.42,6
SV06.5,Card,3M,Fezandipiti ex 092,6/27 to 6/29,$42.72,5
SV06.5,Card,3M,Fezandipiti ex 092,6/28 to 6/30,$42.21,7
SV06.5,Card,3M,Fezandipiti ex 092,6/3 to 6/5,$46.31,8
SV06.5,Card,3M,Fezandipiti ex 092,6/30 to 7/2,$41.63,8
SV06.5,Card,3M,Fezandipiti ex 092,6/4 to 6/6,$46.00,9
SV06.5,Card,3M,Fezandipiti ex 092,6/6 to 6/8,$45.60,4
SV06.5,Card,3M,Fezandipiti ex 092,6/7 to 6/9,$45.77,4
SV06.5,Card,3M,Fezandipiti ex 092,6/9 to 6/11,$46.09,4
SV06.5,Card,3M,Fezandipiti ex 092,7/1 to 7/3,$41.32,10
SV06.5,Card,3M,Fezandipiti ex 092,7/10 to 7/12,$42.03,10
SV06.5,Card,3M,Fezandipiti ex 092,7/12 to 7/14,$42.63,7
SV06.5,Card,3M,Fezandipiti ex 092,7/13 to 7/15,$42.81,4
SV06.5,Card,3M,Fezandipiti ex 092,7/15 to 7/17,$43.21,9
SV06.5,Card,3M,Fezandipiti ex 092,7/16 to 7/18,$43.32,8
SV06.5,Card,3M,Fezandipiti ex 092,7/18 to 7/20,$43.30,1
SV06.5,Card,3M,Fezandipiti ex 092,7/19 to 7/21,$43.32,0
SV06.5,Card,3M,Fezandipiti ex 092,7/21 to 7/23,$43.30,0
SV06.5,Card,3M,Fezandipiti ex 092,7/3 to 7/5,$40.89,8
SV06.5,Card,3M,Fezandipiti ex 092,7/4 to 7/6,$40.82,7
SV06.5,Card,3M,Fezandipiti ex 092,7/6 to 7/8,$40.94,13
SV06.5,Card,3M,Fezandipiti ex 092,7/7 to 7/9,$41.19,13
SV06.5,Card,3M,Fezandipiti ex 092,7/9 to 7/11,$41.72,9
SV07,Card,3M,Squirtle 148,4/20 to 4/22,$64.40,21
SV07,Card,3M,Squirtle 148,4/21 to 4/23,$63.03,22
SV07,Card,3M,Squirtle 148,4/22 to 4/24,$62.70,19
SV07,Card,3M,Squirtle 148,4/23 to 4/25,$62.62,14
SV07,Card,3M,Squirtle 148,4/24 to 4/26,$61.77,12
SV07,Card,3M,Squirtle 148,4/25 to 4/27,$60.81,15
SV07,Card,3M,Squirtle 148,4/26 to 4/28,$59.81,20
SV07,Card,3M,Squirtle 148,4/27 to 4/29,$60.13,23
SV07,Card,3M,Squirtle 148,4/28 to 4/30,$60.39,22
SV07,Card,3M,Squirtle 148,4/29 to 5/1,$61.21,20
SV07,Card,3M,Squirtle 148,4/30 to 5/2,$60.97,19
SV07,Card,3M,Squirtle 148,5/1 to 5/3,$60.76,19
SV07,Card,3M,Squirtle 148,5/10 to 5/12,$60.24,14
SV07,Card,3M,Squirtle 148,5/11 to 5/13,$59.33,16
SV07,Card,3M,Squirtle 148,5/12 to 5/14,$59.05,75
SV07,Card,3M,Squirtle 148,5/13 to 5/15,$59.14,71
SV07,Card,3M,Squirtle 148,5/14 to 5/16,$59.84,69
SV07,Card,3M,Squirtle 148,5/15 to 5/17,$60.20,10
SV07,Card,3M,Squirtle 148,5/16 to 5/18,$60.47,15
SV07,Card,3M,Squirtle 148,5/17 to 5/19,$60.36,16
SV07,Card,3M,Squirtle 148,5/18 to 5/20,$60.51,16
SV07,Card,3M,Squirtle 148,5/19 to 5/21,$60.54,14
SV07,Card,3M,Squirtle 148,5/2 to 5/4,$60.60,15
SV07,Card,3M,Squirtle 148,5/20 to 5/22,$60.61,17
SV07,Card,3M,Squirtle 148,5/21 to 5/23,$60.41,18
SV07,Card,3M,Squirtle 148,5/22 to 5/24,$60.19,15
SV07,Card,3M,Squirtle 148,5/23 to 5/25,$59.76,14
SV07,Card,3M,Squirtle 148,5/24 to 5/26,$59.39,13
SV07,Card,3M,Squirtle 148,5/25 to 5/27,$59.27,13
SV07,Card,3M,Squirtle 148,5/26 to 5/28,$59.26,11
SV07,Card,3M,Squirtle 148,5/27 to 5/29,$59.23,13
SV07,Card,3M,Squirtle 148,5/28 to 5/30,$59.43,16
SV07,Card,3M,Squirtle 148,5/29 to 5/31,$59.91,16
SV07,Card,3M,Squirtle 148,5/3 to 5/5,$60.71,14
SV07,Card,3M,Squirtle 148,5/30 to 6/1,$59.85,15
SV07,Card,3M,Squirtle 148,5/31 to 6/2,$59.28,10
SV07,Card,3M,Squirtle 148,5/4 to 5/6,$61.12,15
SV07,Card,3M,Squirtle 148,5/5 to 5/7,$61.11,18
SV07,Card,3M,Squirtle 148,5/6 to 5/8,$61.17,18
SV07,Card,3M,Squirtle 148,5/7 to 5/9,$61.07,13
SV07,Card,3M,Squirtle 148,5/8 to 5/10,$61.24,11
SV07,Card,3M,Squirtle 148,5/9 to 5/11,$60.80,9
SV07,Card,3M,Squirtle 148,6/1 to 6/3,$58.45,7
SV07,Card,3M,Squirtle 148,6/10 to 6/12,$49.92,20
SV07,Card,3M,Squirtle 148,6/11 to 6/13,$49.77,20
SV07,Card,3M,Squirtle 148,6/12 to 6/14,$50.13,25
SV07,Card,3M,Squirtle 148,6/13 to 6/15,$50.28,28
SV07,Card,3M,Squirtle 148,6/14 to 6/16,$50.13,31
SV07,Card,3M,Squirtle 148,6/15 to 6/17,$50.44,34
SV07,Card,3M,Squirtle 148,6/16 to 6/18,$51.12,26
SV07,Card,3M,Squirtle 148,6/17 to 6/19,$51.41,26
SV07,Card,3M,Squirtle 148,6/18 to 6/20,$51.30,24
SV07,Card,3M,Squirtle 148,6/19 to 6/21,$51.03,27
SV07,Card,3M,Squirtle 148,6/2 to 6/4,$58.28,9
SV07,Card,3M,Squirtle 148,6/20 to 6/22,$51.06,34
SV07,Card,3M,Squirtle 148,6/21 to 6/23,$51.20,25
SV07,Card,3M,Squirtle 148,6/22 to 6/24,$51.68,23
SV07,Card,3M,Squirtle 148,6/23 to 6/25,$51.82,16
SV07,Card,3M,Squirtle 148,6/24 to 6/26,$51.83,15
SV07,Card,3M,Squirtle 148,6/25 to 6/27,$51.84,19
SV07,Card,3M,Squirtle 148,6/26 to 6/28,$52.46,27
SV07,Card,3M,Squirtle 148,6/27 to 6/29,$53.13,30
SV07,Card,3M,Squirtle 148,6/28 to 6/30,$53.92,34
SV07,Card,3M,Squirtle 148,6/29 to 7/1,$54.33,25
SV07,Card,3M,Squirtle 148,6/3 to 6/5,$57.30,16
SV07,Card,3M,Squirtle 148,6/30 to 7/2,$54.57,24
SV07,Card,3M,Squirtle 148,6/4 to 6/6,$56.25,17
SV07,Card,3M,Squirtle 148,6/5 to 6/7,$55.06,13
SV07,Card,3M,Squirtle 148,6/6 to 6/8,$54.58,13
SV07,Card,3M,Squirtle 148,6/7 to 6/9,$53.78,18
SV07,Card,3M,Squirtle 148,6/8 to 6/10,$52.59,21
SV07,Card,3M,Squirtle 148,6/9 to 6/11,$51.05,20
SV07,Card,3M,Squirtle 148,7/1 to 7/3,$54.47,15
SV07,Card,3M,Squirtle 148,7/10 to 7/12,$53.82,13
SV07,Card,3M,Squirtle 148,7/11 to 7/13,$54.34,14
SV07,Card,3M,Squirtle 148,7/12 to 7/14,$54.77,9
SV07,Card,3M,Squirtle 148,7/13 to 7/15,$55.25,10
SV07,Card,3M,Squirtle 148,7/14 to 7/16,$55.20,11
SV07,Card,3M,Squirtle 148,7/15 to 7/17,$55.16,19
SV07,Card,3M,Squirtle 148,7/16 to 7/18,$55.16,21
SV07,Card,3M,Squirtle 148,7/17 to 7/19,$55.22,16
SV07,Card,3M,Squirtle 148,7/18 to 7/20,$55.30,16
SV07,Card,3M,Squirtle 148,7/19 to 7/21,$55.16,0
SV07,Card,3M,Squirtle 148,7/2 to 7/4,$54.39,13
SV07,Card,3M,Squirtle 148,7/21 to 7/23,$55.30,0
SV07,Card,3M,Squirtle 148,7/3 to 7/5,$54.99,47
SV07,Card,3M,Squirtle 148,7/4 to 7/6,$55.55,48
SV07,Card,3M,Squirtle 148,7/5 to 7/7,$56.12,44
SV07,Card,3M,Squirtle 148,7/6 to 7/8,$55.47,9
SV07,Card,3M,Squirtle 148,7/7 to 7/9,$54.72,13
SV07,Card,3M,Squirtle 148,7/8 to 7/10,$53.94,16
SV07,Card,3M,Squirtle 148,7/9 to 7/11,$53.82,19
SV08,Card,3M,Pikachu ex 238,4/22 to 4/24,$328.33,4
SV08,Card,3M,Pikachu ex 238,4/24 to 4/26,$317.74,7
SV08,Card,3M,Pikachu ex 238,4/25 to 4/27,$313.09,5
SV08,Card,3M,Pikachu ex 238,4/27 to 4/29,$298.03,12
SV08,Card,3M,Pikachu ex 238,4/28 to 4/30,$291.34,12
SV08,Card,3M,Pikachu ex 238,4/30 to 5/2,$291.31,4
SV08,Card,3M,Pikachu ex 238,5/1 to 5/3,$292.40,5
SV08,Card,3M,Pikachu ex 238,5/10 to 5/12,$288.87,8
SV08,Card,3M,Pikachu ex 238,5/12 to 5/14,$283.96,36
SV08,Card,3M,Pikachu ex 238,5/13 to 5/15,$284.91,33
SV08,Card,3M,Pikachu ex 238,5/15 to 5/17,$287.20,3
SV08,Card,3M,Pikachu ex 238,5/16 to 5/18,$287.37,3
SV08,Card,3M,Pikachu ex 238,5/18 to 5/20,$288.03,3
SV08,Card,3M,Pikachu ex 238,5/19 to 5/21,$288.59,2
SV08,Card,3M,Pikachu ex 238,5/21 to 5/23,$288.22,3
SV08,Card,3M,Pikachu ex 238,5/22 to 5/24,$287.83,3
SV08,Card,3M,Pikachu ex 238,5/24 to 5/26,$287.39,6
SV08,Card,3M,Pikachu ex 238,5/25 to 5/27,$287.08,5
SV08,Card,3M,Pikachu ex 238,5/27 to 5/29,$287.45,2
SV08,Card,3M,Pikachu ex 238,5/28 to 5/30,$287.65,5
SV08,Card,3M,Pikachu ex 238,5/3 to 5/5,$292.25,5
SV08,Card,3M,Pikachu ex 238,5/30 to 6/1,$287.99,12
SV08,Card,3M,Pikachu ex 238,5/31 to 6/2,$288.10,14
SV08,Card,3M,Pikachu ex 238,5/4 to 5/6,$292.23,7
SV08,Card,3M,Pikachu ex 238,5/6 to 5/8,$292.98,8
SV08,Card,3M,Pikachu ex 238,5/7 to 5/9,$292.39,8
SV08,Card,3M,Pikachu ex 238,5/9 to 5/11,$291.29,6
SV08,Card,3M,Pikachu ex 238,6/11 to 6/13,$289.54,2
SV08,Card,3M,Pikachu ex 238,6/12 to 6/14,$289.67,3
SV08,Card,3M,Pikachu ex 238,6/14 to 6/16,$290.27,3
SV08,Card,3M,Pikachu ex 238,6/15 to 6/17,$290.57,3
SV08,Card,3M,Pikachu ex 238,6/17 to 6/19,$290.44,2
SV08,Card,3M,Pikachu ex 238,6/18 to 6/20,$290.11,4
SV08,Card,3M,Pikachu ex 238,6/2 to 6/4,$288.67,15
SV08,Card,3M,Pikachu ex 238,6/20 to 6/22,$289.44,4
SV08,Card,3M,Pikachu ex 238,6/21 to 6/23,$289.32,1
SV08,Card,3M,Pikachu ex 238,6/23 to 6/25,$288.15,6
SV08,Card,3M,Pikachu ex 238,6/24 to 6/26,$286.22,8
SV08,Card,3M,Pikachu ex 238,6/26 to 6/28,$282.18,4
SV08,Card,3M,Pikachu ex 238,6/27 to 6/29,$281.36,4
SV08,Card,3M,Pikachu ex 238,6/29 to 7/1,$278.18,6
SV08,Card,3M,Pikachu ex 238,6/3 to 6/5,$289.45,11
SV08,Card,3M,Pikachu ex 238,6/30 to 7/2,$274.10,7
SV08,Card,3M,Pikachu ex 238,6/5 to 6/7,$290.34,1
SV08,Card,3M,Pikachu ex 238,6/6 to 6/8,$289.17,0
SV08,Card,3M,Pikachu ex 238,6/8 to 6/10,$287.53,2
SV08,Card,3M,Pikachu ex 238,6/9 to 6/11,$288.35,2
SV08,Card,3M,Pikachu ex 238,7/11 to 7/13,$256.07,12
SV08,Card,3M,Pikachu ex 238,7/12 to 7/14,$258.70,11
SV08,Card,3M,Pikachu ex 238,7/14 to 7/16,$263.83,9
SV08,Card,3M,Pikachu ex 238,7/15 to 7/17,$265.67,8
SV08,Card,3M,Pikachu ex 238,7/17 to 7/19,$267.95,14
SV08,Card,3M,Pikachu ex 238,7/18 to 7/20,$268.80,14
SV08,Card,3M,Pikachu ex 238,7/2 to 7/4,$268.70,3
SV08,Card,3M,Pikachu ex 238,7/20 to 7/22,$267.95,0
SV08,Card,3M,Pikachu ex 238,7/21 to 7/23,$268.80,0
SV08,Card,3M,Pikachu ex 238,7/3 to 7/5,$268.70,0
SV08,Card,3M,Pikachu ex 238,7/5 to 7/7,$264.70,6
SV08,Card,3M,Pikachu ex 238,7/6 to 7/8,$261.22,8
SV08,Card,3M,Pikachu ex 238,7/8 to 7/10,$257.47,6
SV08,Card,3M,Pikachu ex 238,7/9 to 7/11,$255.79,8
SV08.5,Card,3M,Umbreon ex 161,4/21 to 4/23,"$1,420.34",8
SV08.5,Card,3M,Umbreon ex 161,4/24 to 4/26,"$1,414.87",1
SV08.5,Card,3M,Umbreon ex 161,4/27 to 4/29,"$1,397.93",10
SV08.5,Card,3M,Umbreon ex 161,4/30 to 5/2,"$1,351.83",1
SV08.5,Card,3M,Umbreon ex 161,5/12 to 5/14,"$1,294.81",9
SV08.5,Card,3M,Umbreon ex 161,5/15 to 5/17,"$1,253.20",1
SV08.5,Card,3M,Umbreon ex 161,5/18 to 5/20,"$1,250.27",0
SV08.5,Card,3M,Umbreon ex 161,5/21 to 5/23,"$1,253.83",0
SV08.5,Card,3M,Umbreon ex 161,5/24 to 5/26,"$1,238.50",3
SV08.5,Card,3M,Umbreon ex 161,5/27 to 5/29,"$1,224.45",0
SV08.5,Card,3M,Umbreon ex 161,5/3 to 5/5,"$1,346.10",1
SV08.5,Card,3M,Umbreon ex 161,5/30 to 6/1,"$1,204.21",5
SV08.5,Card,3M,Umbreon ex 161,5/6 to 5/8,"$1,320.51",4
SV08.5,Card,3M,Umbreon ex 161,5/9 to 5/11,"$1,305.96",0
SV08.5,Card,3M,Umbreon ex 161,6/11 to 6/13,"$1,162.95",0
SV08.5,Card,3M,Umbreon ex 161,6/14 to 6/16,"$1,145.20",2
SV08.5,Card,3M,Umbreon ex 161,6/17 to 6/19,"$1,076.52",12
SV08.5,Card,3M,Umbreon ex 161,6/2 to 6/4,"$1,168.88",2
SV08.5,Card,3M,Umbreon ex 161,6/20 to 6/22,"$1,059.02",2
SV08.5,Card,3M,Umbreon ex 161,6/23 to 6/25,"$1,059.02",1
SV08.5,Card,3M,Umbreon ex 161,6/26 to 6/28,"$1,040.28",4
SV08.5,Card,3M,Umbreon ex 161,6/29 to 7/1,"$1,026.23",5
SV08.5,Card,3M,Umbreon ex 161,6/5 to 6/7,"$1,176.35",2
SV08.5,Card,3M,Umbreon ex 161,6/8 to 6/10,"$1,138.85",2
SV08.5,Card,3M,Umbreon ex 161,7/11 to 7/13,"$1,007.70",3
SV08.5,Card,3M,Umbreon ex 161,7/14 to 7/16,$983.63,5
SV08.5,Card,3M,Umbreon ex 161,7/17 to 7/19,$983.63,0
SV08.5,Card,3M,Umbreon ex 161,7/2 to 7/4,"$1,021.86",0
SV08.5,Card,3M,Umbreon ex 161,7/20 to 7/22,$983.63,0
SV08.5,Card,3M,Umbreon ex 161,7/5 to 7/7,"$1,018.26",3
SV08.5,Card,3M,Umbreon ex 161,7/8 to 7/10,"$1,011.88",1
SV09,Card,3M,Lillies Clefairy ex 184,4/20 to 4/22,$195.15,11
SV09,Card,3M,Lillies Clefairy ex 184,4/23 to 4/25,$193.15,9
SV09,Card,3M,Lillies Clefairy ex 184,4/24 to 4/26,$192.25,28
SV09,Card,3M,Lillies Clefairy ex 184,4/25 to 4/27,$191.76,29
SV09,Card,3M,Lillies Clefairy ex 184,4/26 to 4/28,$189.89,31
SV09,Card,3M,Lillies Clefairy ex 184,4/27 to 4/29,$186.73,15
SV09,Card,3M,Lillies Clefairy ex 184,4/28 to 4/30,$182.41,37
SV09,Card,3M,Lillies Clefairy ex 184,4/29 to 5/1,$179.60,33
SV09,Card,3M,Lillies Clefairy ex 184,4/30 to 5/2,$178.50,30
SV09,Card,3M,Lillies Clefairy ex 184,5/1 to 5/3,$177.71,12
SV09,Card,3M,Lillies Clefairy ex 184,5/10 to 5/12,$157.27,15
SV09,Card,3M,Lillies Clefairy ex 184,5/11 to 5/13,$153.27,14
SV09,Card,3M,Lillies Clefairy ex 184,5/12 to 5/14,$154.75,57
SV09,Card,3M,Lillies Clefairy ex 184,5/13 to 5/15,$158.20,58
SV09,Card,3M,Lillies Clefairy ex 184,5/14 to 5/16,$161.95,58
SV09,Card,3M,Lillies Clefairy ex 184,5/15 to 5/17,$162.20,13
SV09,Card,3M,Lillies Clefairy ex 184,5/16 to 5/18,$161.95,12
SV09,Card,3M,Lillies Clefairy ex 184,5/17 to 5/19,$161.15,17
SV09,Card,3M,Lillies Clefairy ex 184,5/18 to 5/20,$160.18,15
SV09,Card,3M,Lillies Clefairy ex 184,5/19 to 5/21,$159.95,12
SV09,Card,3M,Lillies Clefairy ex 184,5/2 to 5/4,$175.85,14
SV09,Card,3M,Lillies Clefairy ex 184,5/20 to 5/22,$160.28,6
SV09,Card,3M,Lillies Clefairy ex 184,5/21 to 5/23,$160.23,11
SV09,Card,3M,Lillies Clefairy ex 184,5/22 to 5/24,$159.77,13
SV09,Card,3M,Lillies Clefairy ex 184,5/23 to 5/25,$159.32,13
SV09,Card,3M,Lillies Clefairy ex 184,5/24 to 5/26,$159.83,7
SV09,Card,3M,Lillies Clefairy ex 184,5/25 to 5/27,$160.34,8
SV09,Card,3M,Lillies Clefairy ex 184,5/26 to 5/28,$159.84,12
SV09,Card,3M,Lillies Clefairy ex 184,5/27 to 5/29,$158.79,16
SV09,Card,3M,Lillies Clefairy ex 184,5/28 to 5/30,$157.26,18
SV09,Card,3M,Lillies Clefairy ex 184,5/29 to 5/31,$156.24,19
SV09,Card,3M,Lillies Clefairy ex 184,5/3 to 5/5,$173.57,16
SV09,Card,3M,Lillies Clefairy ex 184,5/30 to 6/1,$154.94,16
SV09,Card,3M,Lillies Clefairy ex 184,5/31 to 6/2,$154.25,13
SV09,Card,3M,Lillies Clefairy ex 184,5/4 to 5/6,$171.46,12
SV09,Card,3M,Lillies Clefairy ex 184,5/5 to 5/7,$171.39,11
SV09,Card,3M,Lillies Clefairy ex 184,5/6 to 5/8,$172.08,7
SV09,Card,3M,Lillies Clefairy ex 184,5/7 to 5/9,$171.18,13
SV09,Card,3M,Lillies Clefairy ex 184,5/8 to 5/10,$167.75,14
SV09,Card,3M,Lillies Clefairy ex 184,5/9 to 5/11,$162.54,19
SV09,Card,3M,Lillies Clefairy ex 184,6/1 to 6/3,$153.81,8
SV09,Card,3M,Lillies Clefairy ex 184,6/10 to 6/12,$144.68,11
SV09,Card,3M,Lillies Clefairy ex 184,6/11 to 6/13,$144.39,12
SV09,Card,3M,Lillies Clefairy ex 184,6/12 to 6/14,$143.31,10
SV09,Card,3M,Lillies Clefairy ex 184,6/13 to 6/15,$141.36,11
SV09,Card,3M,Lillies Clefairy ex 184,6/14 to 6/16,$139.43,9
SV09,Card,3M,Lillies Clefairy ex 184,6/15 to 6/17,$137.20,16
SV09,Card,3M,Lillies Clefairy ex 184,6/16 to 6/18,$135.05,17
SV09,Card,3M,Lillies Clefairy ex 184,6/17 to 6/19,$133.39,17
SV09,Card,3M,Lillies Clefairy ex 184,6/18 to 6/20,$132.57,11
SV09,Card,3M,Lillies Clefairy ex 184,6/19 to 6/21,$131.94,9
SV09,Card,3M,Lillies Clefairy ex 184,6/2 to 6/4,$153.63,6
SV09,Card,3M,Lillies Clefairy ex 184,6/20 to 6/22,$131.61,9
SV09,Card,3M,Lillies Clefairy ex 184,6/21 to 6/23,$131.36,7
SV09,Card,3M,Lillies Clefairy ex 184,6/22 to 6/24,$131.16,6
SV09,Card,3M,Lillies Clefairy ex 184,6/23 to 6/25,$130.74,8
SV09,Card,3M,Lillies Clefairy ex 184,6/24 to 6/26,$130.19,11
SV09,Card,3M,Lillies Clefairy ex 184,6/25 to 6/27,$129.80,16
SV09,Card,3M,Lillies Clefairy ex 184,6/26 to 6/28,$129.56,16
SV09,Card,3M,Lillies Clefairy ex 184,6/27 to 6/29,$129.48,17
SV09,Card,3M,Lillies Clefairy ex 184,6/28 to 6/30,$129.70,24
SV09,Card,3M,Lillies Clefairy ex 184,6/29 to 7/1,$129.79,24
SV09,Card,3M,Lillies Clefairy ex 184,6/3 to 6/5,$152.90,10
SV09,Card,3M,Lillies Clefairy ex 184,6/30 to 7/2,$129.97,22
SV09,Card,3M,Lillies Clefairy ex 184,6/4 to 6/6,$152.25,10
SV09,Card,3M,Lillies Clefairy ex 184,6/5 to 6/7,$150.47,14
SV09,Card,3M,Lillies Clefairy ex 184,6/6 to 6/8,$149.03,17
SV09,Card,3M,Lillies Clefairy ex 184,6/7 to 6/9,$147.58,30
SV09,Card,3M,Lillies Clefairy ex 184,6/8 to 6/10,$146.27,30
SV09,Card,3M,Lillies Clefairy ex 184,6/9 to 6/11,$145.16,24
SV09,Card,3M,Lillies Clefairy ex 184,7/1 to 7/3,$130.18,12
SV09,Card,3M,Lillies Clefairy ex 184,7/10 to 7/12,$128.33,13
SV09,Card,3M,Lillies Clefairy ex 184,7/11 to 7/13,$127.85,11
SV09,Card,3M,Lillies Clefairy ex 184,7/12 to 7/14,$127.89,7
SV09,Card,3M,Lillies Clefairy ex 184,7/13 to 7/15,$127.97,7
SV09,Card,3M,Lillies Clefairy ex 184,7/14 to 7/16,$128.36,11
SV09,Card,3M,Lillies Clefairy ex 184,7/15 to 7/17,$128.70,9
SV09,Card,3M,Lillies Clefairy ex 184,7/16 to 7/18,$128.89,11
SV09,Card,3M,Lillies Clefairy ex 184,7/17 to 7/19,$128.78,14
SV09,Card,3M,Lillies Clefairy ex 184,7/18 to 7/20,$128.77,13
SV09,Card,3M,Lillies Clefairy ex 184,7/19 to 7/21,$128.89,0
SV09,Card,3M,Lillies Clefairy ex 184,7/2 to 7/4,$130.78,10
SV09,Card,3M,Lillies Clefairy ex 184,7/20 to 7/22,$128.78,0
SV09,Card,3M,Lillies Clefairy ex 184,7/21 to 7/23,$128.77,0
SV09,Card,3M,Lillies Clefairy ex 184,7/3 to 7/5,$131.31,10
SV09,Card,3M,Lillies Clefairy ex 184,7/4 to 7/6,$131.43,8
SV09,Card,3M,Lillies Clefairy ex 184,7/5 to 7/7,$131.15,8
SV09,Card,3M,Lillies Clefairy ex 184,7/6 to 7/8,$130.66,10
SV09,Card,3M,Lillies Clefairy ex 184,7/7 to 7/9,$130.25,10
SV09,Card,3M,Lillies Clefairy ex 184,7/8 to 7/10,$129.83,10
SV09,Card,3M,Lillies Clefairy ex 184,7/9 to 7/11,$129.07,13
SWSH06,Card,3M,Blaziken vmax 201,4/22 to 4/24,$375.90,0
SWSH06,Card,3M,Blaziken vmax 201,4/25 to 4/27,$381.07,5
SWSH06,Card,3M,Blaziken vmax 201,4/28 to 4/30,$381.07,0
SWSH06,Card,3M,Blaziken vmax 201,5/1 to 5/3,$379.27,2
SWSH06,Card,3M,Blaziken vmax 201,5/10 to 5/12,$372.45,2
SWSH06,Card,3M,Blaziken vmax 201,5/13 to 5/15,$373.75,2
SWSH06,Card,3M,Blaziken vmax 201,5/16 to 5/18,$376.24,5
SWSH06,Card,3M,Blaziken vmax 201,5/19 to 5/21,$375.52,0
SWSH06,Card,3M,Blaziken vmax 201,5/22 to 5/24,$374.47,1
SWSH06,Card,3M,Blaziken vmax 201,5/25 to 5/27,$373.94,0
SWSH06,Card,3M,Blaziken vmax 201,5/28 to 5/30,$373.94,0
SWSH06,Card,3M,Blaziken vmax 201,5/31 to 6/2,$373.94,0
SWSH06,Card,3M,Blaziken vmax 201,5/4 to 5/6,$378.00,1
SWSH06,Card,3M,Blaziken vmax 201,5/7 to 5/9,$375.47,0
SWSH06,Card,3M,Blaziken vmax 201,6/12 to 6/14,$370.49,1
SWSH06,Card,3M,Blaziken vmax 201,6/15 to 6/17,$369.15,0
SWSH06,Card,3M,Blaziken vmax 201,6/18 to 6/20,$367.71,1
SWSH06,Card,3M,Blaziken vmax 201,6/21 to 6/23,$367.71,0
SWSH06,Card,3M,Blaziken vmax 201,6/24 to 6/26,$363.59,3
SWSH06,Card,3M,Blaziken vmax 201,6/27 to 6/29,$359.74,0
SWSH06,Card,3M,Blaziken vmax 201,6/3 to 6/5,$373.01,1
SWSH06,Card,3M,Blaziken vmax 201,6/30 to 7/2,$359.72,1
SWSH06,Card,3M,Blaziken vmax 201,6/6 to 6/8,$371.16,0
SWSH06,Card,3M,Blaziken vmax 201,6/9 to 6/11,$371.16,0
SWSH06,Card,3M,Blaziken vmax 201,7/12 to 7/14,$357.04,1
SWSH06,Card,3M,Blaziken vmax 201,7/15 to 7/17,$354.93,0
SWSH06,Card,3M,Blaziken vmax 201,7/18 to 7/20,$354.06,1
SWSH06,Card,3M,Blaziken vmax 201,7/21 to 7/23,$354.06,0
SWSH06,Card,3M,Blaziken vmax 201,7/3 to 7/5,$359.17,0
SWSH06,Card,3M,Blaziken vmax 201,7/6 to 7/8,$358.45,1
SWSH06,Card,3M,Blaziken vmax 201,7/9 to 7/11,$358.09,0
SWSH07,Card,3M,Umbreon vmax 215,4/22 to 4/24,"$1,679.62",0
SWSH07,Card,3M,Umbreon vmax 215,4/23 to 4/25,"$1,679.62",0
SWSH07,Card,3M,Umbreon vmax 215,4/24 to 4/26,"$1,679.62",0
SWSH07,Card,3M,Umbreon vmax 215,4/25 to 4/27,"$1,679.48",1
SWSH07,Card,3M,Umbreon vmax 215,4/26 to 4/28,"$1,674.23",2
SWSH07,Card,3M,Umbreon vmax 215,4/27 to 4/29,"$1,668.97",2
SWSH07,Card,3M,Umbreon vmax 215,4/28 to 4/30,"$1,663.85",1
SWSH07,Card,3M,Umbreon vmax 215,4/29 to 5/1,"$1,663.85",0
SWSH07,Card,3M,Umbreon vmax 215,4/30 to 5/2,"$1,665.85",1
SWSH07,Card,3M,Umbreon vmax 215,5/1 to 5/3,"$1,667.86",1
SWSH07,Card,3M,Umbreon vmax 215,5/10 to 5/12,"$1,654.61",4
SWSH07,Card,3M,Umbreon vmax 215,5/11 to 5/13,"$1,651.19",4
SWSH07,Card,3M,Umbreon vmax 215,5/12 to 5/14,"$1,635.09",8
SWSH07,Card,3M,Umbreon vmax 215,5/13 to 5/15,"$1,622.41",4
SWSH07,Card,3M,Umbreon vmax 215,5/14 to 5/16,"$1,609.72",4
SWSH07,Card,3M,Umbreon vmax 215,5/15 to 5/17,"$1,576.89",0
SWSH07,Card,3M,Umbreon vmax 215,5/16 to 5/18,"$1,560.48",0
SWSH07,Card,3M,Umbreon vmax 215,5/17 to 5/19,"$1,544.07",0
SWSH07,Card,3M,Umbreon vmax 215,5/18 to 5/20,"$1,560.48",0
SWSH07,Card,3M,Umbreon vmax 215,5/19 to 5/21,"$1,560.48",0
SWSH07,Card,3M,Umbreon vmax 215,5/2 to 5/4,"$1,669.86",1
SWSH07,Card,3M,Umbreon vmax 215,5/20 to 5/22,"$1,560.48",0
SWSH07,Card,3M,Umbreon vmax 215,5/21 to 5/23,"$1,560.48",0
SWSH07,Card,3M,Umbreon vmax 215,5/22 to 5/24,"$1,560.48",0
SWSH07,Card,3M,Umbreon vmax 215,5/23 to 5/25,"$1,560.48",0
SWSH07,Card,3M,Umbreon vmax 215,5/24 to 5/26,"$1,565.41",2
SWSH07,Card,3M,Umbreon vmax 215,5/25 to 5/27,"$1,570.34",2
SWSH07,Card,3M,Umbreon vmax 215,5/26 to 5/28,"$1,575.27",2
SWSH07,Card,3M,Umbreon vmax 215,5/27 to 5/29,"$1,569.27",1
SWSH07,Card,3M,Umbreon vmax 215,5/28 to 5/30,"$1,553.28",3
SWSH07,Card,3M,Umbreon vmax 215,5/29 to 5/31,"$1,537.28",3
SWSH07,Card,3M,Umbreon vmax 215,5/3 to 5/5,"$1,669.86",0
SWSH07,Card,3M,Umbreon vmax 215,5/30 to 6/1,"$1,527.28",2
SWSH07,Card,3M,Umbreon vmax 215,5/31 to 6/2,"$1,527.28",0
SWSH07,Card,3M,Umbreon vmax 215,5/4 to 5/6,"$1,669.86",0
SWSH07,Card,3M,Umbreon vmax 215,5/5 to 5/7,"$1,669.86",0
SWSH07,Card,3M,Umbreon vmax 215,5/6 to 5/8,"$1,669.86",0
SWSH07,Card,3M,Umbreon vmax 215,5/7 to 5/9,"$1,665.91",1
SWSH07,Card,3M,Umbreon vmax 215,5/8 to 5/10,"$1,661.97",1
SWSH07,Card,3M,Umbreon vmax 215,5/9 to 5/11,"$1,658.02",1
SWSH07,Card,3M,Umbreon vmax 215,6/1 to 6/3,"$1,527.28",0
SWSH07,Card,3M,Umbreon vmax 215,6/10 to 6/12,"$1,515.94",0
SWSH07,Card,3M,Umbreon vmax 215,6/11 to 6/13,"$1,508.11",1
SWSH07,Card,3M,Umbreon vmax 215,6/12 to 6/14,"$1,500.29",1
SWSH07,Card,3M,Umbreon vmax 215,6/13 to 6/15,"$1,496.55",1
SWSH07,Card,3M,Umbreon vmax 215,6/14 to 6/16,"$1,500.65",0
SWSH07,Card,3M,Umbreon vmax 215,6/15 to 6/17,"$1,500.33",1
SWSH07,Card,3M,Umbreon vmax 215,6/16 to 6/18,"$1,495.91",1
SWSH07,Card,3M,Umbreon vmax 215,6/17 to 6/19,"$1,491.50",1
SWSH07,Card,3M,Umbreon vmax 215,6/18 to 6/20,"$1,491.50",0
SWSH07,Card,3M,Umbreon vmax 215,6/19 to 6/21,"$1,488.79",1
SWSH07,Card,3M,Umbreon vmax 215,6/2 to 6/4,"$1,527.28",0
SWSH07,Card,3M,Umbreon vmax 215,6/20 to 6/22,"$1,486.09",1
SWSH07,Card,3M,Umbreon vmax 215,6/21 to 6/23,"$1,477.73",2
SWSH07,Card,3M,Umbreon vmax 215,6/22 to 6/24,"$1,466.37",2
SWSH07,Card,3M,Umbreon vmax 215,6/23 to 6/25,"$1,455.01",2
SWSH07,Card,3M,Umbreon vmax 215,6/24 to 6/26,"$1,449.30",1
SWSH07,Card,3M,Umbreon vmax 215,6/25 to 6/27,"$1,449.30",0
SWSH07,Card,3M,Umbreon vmax 215,6/26 to 6/28,"$1,449.30",0
SWSH07,Card,3M,Umbreon vmax 215,6/27 to 6/29,"$1,449.30",0
SWSH07,Card,3M,Umbreon vmax 215,6/28 to 6/30,"$1,449.30",0
SWSH07,Card,3M,Umbreon vmax 215,6/29 to 7/1,"$1,449.30",0
SWSH07,Card,3M,Umbreon vmax 215,6/3 to 6/5,"$1,527.28",0
SWSH07,Card,3M,Umbreon vmax 215,6/30 to 7/2,"$1,449.30",0
SWSH07,Card,3M,Umbreon vmax 215,6/4 to 6/6,"$1,527.28",0
SWSH07,Card,3M,Umbreon vmax 215,6/5 to 6/7,"$1,527.28",0
SWSH07,Card,3M,Umbreon vmax 215,6/6 to 6/8,"$1,523.50",1
SWSH07,Card,3M,Umbreon vmax 215,6/7 to 6/9,"$1,519.72",1
SWSH07,Card,3M,Umbreon vmax 215,6/8 to 6/10,"$1,515.94",1
SWSH07,Card,3M,Umbreon vmax 215,6/9 to 6/11,"$1,515.94",0
SWSH07,Card,3M,Umbreon vmax 215,7/1 to 7/3,"$1,449.30",0
SWSH07,Card,3M,Umbreon vmax 215,7/10 to 7/12,"$1,430.06",0
SWSH07,Card,3M,Umbreon vmax 215,7/11 to 7/13,"$1,430.06",0
SWSH07,Card,3M,Umbreon vmax 215,7/12 to 7/14,"$1,423.41",1
SWSH07,Card,3M,Umbreon vmax 215,7/13 to 7/15,"$1,416.75",1
SWSH07,Card,3M,Umbreon vmax 215,7/14 to 7/16,"$1,410.10",1
SWSH07,Card,3M,Umbreon vmax 215,7/15 to 7/17,"$1,403.49",1
SWSH07,Card,3M,Umbreon vmax 215,7/16 to 7/18,"$1,397.53",2
SWSH07,Card,3M,Umbreon vmax 215,7/17 to 7/19,"$1,387.91",3
SWSH07,Card,3M,Umbreon vmax 215,7/18 to 7/20,"$1,383.38",3
SWSH07,Card,3M,Umbreon vmax 215,7/19 to 7/21,"$1,397.53",0
SWSH07,Card,3M,Umbreon vmax 215,7/2 to 7/4,"$1,445.62",1
SWSH07,Card,3M,Umbreon vmax 215,7/20 to 7/22,"$1,387.91",0
SWSH07,Card,3M,Umbreon vmax 215,7/21 to 7/23,"$1,383.38",0
SWSH07,Card,3M,Umbreon vmax 215,7/3 to 7/5,"$1,441.94",1
SWSH07,Card,3M,Umbreon vmax 215,7/4 to 7/6,"$1,438.26",1
SWSH07,Card,3M,Umbreon vmax 215,7/5 to 7/7,"$1,435.53",1
SWSH07,Card,3M,Umbreon vmax 215,7/6 to 7/8,"$1,432.79",1
SWSH07,Card,3M,Umbreon vmax 215,7/7 to 7/9,"$1,430.06",1
SWSH07,Card,3M,Umbreon vmax 215,7/8 to 7/10,"$1,430.06",0
SWSH07,Card,3M,Umbreon vmax 215,7/9 to 7/11,"$1,430.06",0
SWSH08,Card,3M,Gengar vmax 271,4/20 to 4/22,$634.54,4
SWSH08,Card,3M,Gengar vmax 271,4/23 to 4/25,$622.10,1
SWSH08,Card,3M,Gengar vmax 271,4/25 to 4/27,$618.11,0
SWSH08,Card,3M,Gengar vmax 271,4/26 to 4/28,$617.64,1
SWSH08,Card,3M,Gengar vmax 271,4/28 to 4/30,$602.42,7
SWSH08,Card,3M,Gengar vmax 271,4/29 to 5/1,$594.51,6
SWSH08,Card,3M,Gengar vmax 271,5/1 to 5/3,$592.76,2
SWSH08,Card,3M,Gengar vmax 271,5/10 to 5/12,$575.04,1
SWSH08,Card,3M,Gengar vmax 271,5/11 to 5/13,$575.38,1
SWSH08,Card,3M,Gengar vmax 271,5/13 to 5/15,$578.03,6
SWSH08,Card,3M,Gengar vmax 271,5/14 to 5/16,$579.19,6
SWSH08,Card,3M,Gengar vmax 271,5/16 to 5/18,$578.32,0
SWSH08,Card,3M,Gengar vmax 271,5/17 to 5/19,$577.46,0
SWSH08,Card,3M,Gengar vmax 271,5/19 to 5/21,$576.59,0
SWSH08,Card,3M,Gengar vmax 271,5/2 to 5/4,$592.01,3
SWSH08,Card,3M,Gengar vmax 271,5/20 to 5/22,$576.59,0
SWSH08,Card,3M,Gengar vmax 271,5/22 to 5/24,$576.59,0
SWSH08,Card,3M,Gengar vmax 271,5/23 to 5/25,$576.59,0
SWSH08,Card,3M,Gengar vmax 271,5/25 to 5/27,$579.82,1
SWSH08,Card,3M,Gengar vmax 271,5/26 to 5/28,$583.07,2
SWSH08,Card,3M,Gengar vmax 271,5/28 to 5/30,$586.34,1
SWSH08,Card,3M,Gengar vmax 271,5/29 to 5/31,$586.34,0
SWSH08,Card,3M,Gengar vmax 271,5/31 to 6/2,$586.12,1
SWSH08,Card,3M,Gengar vmax 271,5/4 to 5/6,$587.31,6
SWSH08,Card,3M,Gengar vmax 271,5/5 to 5/7,$584.11,15
SWSH08,Card,3M,Gengar vmax 271,5/7 to 5/9,$583.92,11
SWSH08,Card,3M,Gengar vmax 271,5/8 to 5/10,$581.78,1
SWSH08,Card,3M,Gengar vmax 271,6/1 to 6/3,$585.90,1
SWSH08,Card,3M,Gengar vmax 271,6/10 to 6/12,$587.00,0
SWSH08,Card,3M,Gengar vmax 271,6/12 to 6/14,$587.00,0
SWSH08,Card,3M,Gengar vmax 271,6/13 to 6/15,$587.00,0
SWSH08,Card,3M,Gengar vmax 271,6/15 to 6/17,$587.00,0
SWSH08,Card,3M,Gengar vmax 271,6/16 to 6/18,$586.99,1
SWSH08,Card,3M,Gengar vmax 271,6/18 to 6/20,$586.97,1
SWSH08,Card,3M,Gengar vmax 271,6/19 to 6/21,$586.90,2
SWSH08,Card,3M,Gengar vmax 271,6/21 to 6/23,$586.77,2
SWSH08,Card,3M,Gengar vmax 271,6/22 to 6/24,$586.45,1
SWSH08,Card,3M,Gengar vmax 271,6/24 to 6/26,$585.74,2
SWSH08,Card,3M,Gengar vmax 271,6/25 to 6/27,$585.49,2
SWSH08,Card,3M,Gengar vmax 271,6/27 to 6/29,$584.90,2
SWSH08,Card,3M,Gengar vmax 271,6/28 to 6/30,$584.73,1
SWSH08,Card,3M,Gengar vmax 271,6/3 to 6/5,$586.08,2
SWSH08,Card,3M,Gengar vmax 271,6/30 to 7/2,$582.92,4
SWSH08,Card,3M,Gengar vmax 271,6/4 to 6/6,$582.81,2
SWSH08,Card,3M,Gengar vmax 271,6/6 to 6/8,$576.11,1
SWSH08,Card,3M,Gengar vmax 271,6/7 to 6/9,$576.34,1
SWSH08,Card,3M,Gengar vmax 271,6/9 to 6/11,$583.52,0
SWSH08,Card,3M,Gengar vmax 271,7/1 to 7/3,$581.08,5
SWSH08,Card,3M,Gengar vmax 271,7/10 to 7/12,$575.33,1
SWSH08,Card,3M,Gengar vmax 271,7/12 to 7/14,$575.65,1
SWSH08,Card,3M,Gengar vmax 271,7/13 to 7/15,$576.81,6
SWSH08,Card,3M,Gengar vmax 271,7/15 to 7/17,$578.38,7
SWSH08,Card,3M,Gengar vmax 271,7/16 to 7/18,$578.58,3
SWSH08,Card,3M,Gengar vmax 271,7/18 to 7/20,$578.45,3
SWSH08,Card,3M,Gengar vmax 271,7/19 to 7/21,$578.58,0
SWSH08,Card,3M,Gengar vmax 271,7/21 to 7/23,$578.45,0
SWSH08,Card,3M,Gengar vmax 271,7/3 to 7/5,$578.64,2
SWSH08,Card,3M,Gengar vmax 271,7/4 to 7/6,$576.79,2
SWSH08,Card,3M,Gengar vmax 271,7/6 to 7/8,$573.87,5
SWSH08,Card,3M,Gengar vmax 271,7/7 to 7/9,$574.43,6
SWSH08,Card,3M,Gengar vmax 271,7/9 to 7/11,$575.17,2
SWSH09,Card,3M,Charizard v 154,4/20 to 4/22,$211.67,5
SWSH09,Card,3M,Charizard v 154,4/23 to 4/25,$206.55,4
SWSH09,Card,3M,Charizard v 154,4/24 to 4/26,$204.67,4
SWSH09,Card,3M,Charizard v 154,4/25 to 4/27,$202.79,4
SWSH09,Card,3M,Charizard v 154,4/26 to 4/28,$202.42,1
SWSH09,Card,3M,Charizard v 154,4/27 to 4/29,$201.21,3
SWSH09,Card,3M,Charizard v 154,4/28 to 4/30,$200.01,3
SWSH09,Card,3M,Charizard v 154,4/29 to 5/1,$195.50,9
SWSH09,Card,3M,Charizard v 154,4/30 to 5/2,$191.83,7
SWSH09,Card,3M,Charizard v 154,5/1 to 5/3,$188.16,7
SWSH09,Card,3M,Charizard v 154,5/10 to 5/12,$183.76,4
SWSH09,Card,3M,Charizard v 154,5/11 to 5/13,$183.94,4
SWSH09,Card,3M,Charizard v 154,5/12 to 5/14,$189.64,21
SWSH09,Card,3M,Charizard v 154,5/13 to 5/15,$195.45,21
SWSH09,Card,3M,Charizard v 154,5/14 to 5/16,$201.06,21
SWSH09,Card,3M,Charizard v 154,5/15 to 5/17,$201.33,2
SWSH09,Card,3M,Charizard v 154,5/16 to 5/18,$201.73,2
SWSH09,Card,3M,Charizard v 154,5/17 to 5/19,$202.14,2
SWSH09,Card,3M,Charizard v 154,5/18 to 5/20,$202.81,2
SWSH09,Card,3M,Charizard v 154,5/19 to 5/21,$203.10,2
SWSH09,Card,3M,Charizard v 154,5/2 to 5/4,$187.08,2
SWSH09,Card,3M,Charizard v 154,5/20 to 5/22,$203.68,2
SWSH09,Card,3M,Charizard v 154,5/21 to 5/23,$203.85,1
SWSH09,Card,3M,Charizard v 154,5/22 to 5/24,$204.13,0
SWSH09,Card,3M,Charizard v 154,5/23 to 5/25,$204.13,0
SWSH09,Card,3M,Charizard v 154,5/24 to 5/26,$204.13,2
SWSH09,Card,3M,Charizard v 154,5/25 to 5/27,$204.13,2
SWSH09,Card,3M,Charizard v 154,5/26 to 5/28,$204.66,3
SWSH09,Card,3M,Charizard v 154,5/27 to 5/29,$205.20,1
SWSH09,Card,3M,Charizard v 154,5/28 to 5/30,$205.57,1
SWSH09,Card,3M,Charizard v 154,5/29 to 5/31,$205.13,2
SWSH09,Card,3M,Charizard v 154,5/3 to 5/5,$186.38,1
SWSH09,Card,3M,Charizard v 154,5/30 to 6/1,$204.68,2
SWSH09,Card,3M,Charizard v 154,5/31 to 6/2,$204.12,4
SWSH09,Card,3M,Charizard v 154,5/4 to 5/6,$183.61,8
SWSH09,Card,3M,Charizard v 154,5/5 to 5/7,$183.04,17
SWSH09,Card,3M,Charizard v 154,5/6 to 5/8,$182.46,17
SWSH09,Card,3M,Charizard v 154,5/7 to 5/9,$183.90,10
SWSH09,Card,3M,Charizard v 154,5/8 to 5/10,$183.84,0
SWSH09,Card,3M,Charizard v 154,5/9 to 5/11,$183.77,3
SWSH09,Card,3M,Charizard v 154,6/1 to 6/3,$203.83,3
SWSH09,Card,3M,Charizard v 154,6/10 to 6/12,$200.25,5
SWSH09,Card,3M,Charizard v 154,6/11 to 6/13,$200.01,1
SWSH09,Card,3M,Charizard v 154,6/12 to 6/14,$200.04,1
SWSH09,Card,3M,Charizard v 154,6/13 to 6/15,$200.45,3
SWSH09,Card,3M,Charizard v 154,6/14 to 6/16,$200.87,3
SWSH09,Card,3M,Charizard v 154,6/15 to 6/17,$201.45,4
SWSH09,Card,3M,Charizard v 154,6/16 to 6/18,$201.62,1
SWSH09,Card,3M,Charizard v 154,6/17 to 6/19,$201.67,2
SWSH09,Card,3M,Charizard v 154,6/18 to 6/20,$200.03,1
SWSH09,Card,3M,Charizard v 154,6/19 to 6/21,$198.39,1
SWSH09,Card,3M,Charizard v 154,6/2 to 6/4,$203.04,5
SWSH09,Card,3M,Charizard v 154,6/20 to 6/22,$196.87,0
SWSH09,Card,3M,Charizard v 154,6/21 to 6/23,$196.95,3
SWSH09,Card,3M,Charizard v 154,6/22 to 6/24,$196.91,3
SWSH09,Card,3M,Charizard v 154,6/23 to 6/25,$196.95,5
SWSH09,Card,3M,Charizard v 154,6/24 to 6/26,$196.79,3
SWSH09,Card,3M,Charizard v 154,6/25 to 6/27,$196.48,3
SWSH09,Card,3M,Charizard v 154,6/26 to 6/28,$196.05,2
SWSH09,Card,3M,Charizard v 154,6/27 to 6/29,$198.94,3
SWSH09,Card,3M,Charizard v 154,6/28 to 6/30,$201.95,4
SWSH09,Card,3M,Charizard v 154,6/29 to 7/1,$205.02,6
SWSH09,Card,3M,Charizard v 154,6/3 to 6/5,$202.44,3
SWSH09,Card,3M,Charizard v 154,6/30 to 7/2,$204.41,6
SWSH09,Card,3M,Charizard v 154,6/4 to 6/6,$201.85,2
SWSH09,Card,3M,Charizard v 154,6/5 to 6/7,$201.81,1
SWSH09,Card,3M,Charizard v 154,6/6 to 6/8,$201.86,1
SWSH09,Card,3M,Charizard v 154,6/7 to 6/9,$201.01,14
SWSH09,Card,3M,Charizard v 154,6/8 to 6/10,$200.63,17
SWSH09,Card,3M,Charizard v 154,6/9 to 6/11,$199.98,17
SWSH09,Card,3M,Charizard v 154,7/1 to 7/3,$203.95,5
SWSH09,Card,3M,Charizard v 154,7/10 to 7/12,$203.62,2
SWSH09,Card,3M,Charizard v 154,7/11 to 7/13,$202.35,3
SWSH09,Card,3M,Charizard v 154,7/12 to 7/14,$202.26,1
SWSH09,Card,3M,Charizard v 154,7/13 to 7/15,$201.91,3
SWSH09,Card,3M,Charizard v 154,7/14 to 7/16,$201.79,3
SWSH09,Card,3M,Charizard v 154,7/15 to 7/17,$201.67,3
SWSH09,Card,3M,Charizard v 154,7/16 to 7/18,$201.98,2
SWSH09,Card,3M,Charizard v 154,7/17 to 7/19,$203.68,12
SWSH09,Card,3M,Charizard v 154,7/18 to 7/20,$205.39,12
SWSH09,Card,3M,Charizard v 154,7/19 to 7/21,$201.98,0
SWSH09,Card,3M,Charizard v 154,7/2 to 7/4,$203.32,3
SWSH09,Card,3M,Charizard v 154,7/20 to 7/22,$203.68,0
SWSH09,Card,3M,Charizard v 154,7/21 to 7/23,$205.39,0
SWSH09,Card,3M,Charizard v 154,7/3 to 7/5,$202.60,14
SWSH09,Card,3M,Charizard v 154,7/4 to 7/6,$203.34,27
SWSH09,Card,3M,Charizard v 154,7/5 to 7/7,$204.58,28
SWSH09,Card,3M,Charizard v 154,7/6 to 7/8,$206.40,13
SWSH09,Card,3M,Charizard v 154,7/7 to 7/9,$206.50,3
SWSH09,Card,3M,Charizard v 154,7/8 to 7/10,$206.24,1
SWSH09,Card,3M,Charizard v 154,7/9 to 7/11,$204.80,3
SWSH10,Card,3M,Machamp v 172,4/21 to 4/23,$168.31,1
SWSH10,Card,3M,Machamp v 172,4/23 to 4/25,$167.08,3
SWSH10,Card,3M,Machamp v 172,4/24 to 4/26,$166.11,2
SWSH10,Card,3M,Machamp v 172,4/26 to 4/28,$163.15,1
SWSH10,Card,3M,Machamp v 172,4/27 to 4/29,$162.38,2
SWSH10,Card,3M,Machamp v 172,4/29 to 5/1,$162.18,2
SWSH10,Card,3M,Machamp v 172,4/30 to 5/2,$161.97,2
SWSH10,Card,3M,Machamp v 172,5/11 to 5/13,$147.04,2
SWSH10,Card,3M,Machamp v 172,5/12 to 5/14,$145.09,8
SWSH10,Card,3M,Machamp v 172,5/14 to 5/16,$142.38,6
SWSH10,Card,3M,Machamp v 172,5/15 to 5/17,$142.38,0
SWSH10,Card,3M,Machamp v 172,5/17 to 5/19,$142.38,0
SWSH10,Card,3M,Machamp v 172,5/18 to 5/20,$142.33,1
SWSH10,Card,3M,Machamp v 172,5/2 to 5/4,$160.19,3
SWSH10,Card,3M,Machamp v 172,5/20 to 5/22,$142.11,2
SWSH10,Card,3M,Machamp v 172,5/21 to 5/23,$141.97,1
SWSH10,Card,3M,Machamp v 172,5/23 to 5/25,$142.12,1
SWSH10,Card,3M,Machamp v 172,5/24 to 5/26,$141.59,3
SWSH10,Card,3M,Machamp v 172,5/26 to 5/28,$140.24,2
SWSH10,Card,3M,Machamp v 172,5/27 to 5/29,$139.86,2
SWSH10,Card,3M,Machamp v 172,5/29 to 5/31,$140.03,2
SWSH10,Card,3M,Machamp v 172,5/3 to 5/5,$157.67,4
SWSH10,Card,3M,Machamp v 172,5/30 to 6/1,$139.97,1
SWSH10,Card,3M,Machamp v 172,5/5 to 5/7,$153.88,3
SWSH10,Card,3M,Machamp v 172,5/6 to 5/8,$153.30,2
SWSH10,Card,3M,Machamp v 172,5/8 to 5/10,$149.79,4
SWSH10,Card,3M,Machamp v 172,5/9 to 5/11,$148.23,3
SWSH10,Card,3M,Machamp v 172,6/1 to 6/3,$138.93,1
SWSH10,Card,3M,Machamp v 172,6/10 to 6/12,$142.28,2
SWSH10,Card,3M,Machamp v 172,6/11 to 6/13,$142.31,2
SWSH10,Card,3M,Machamp v 172,6/13 to 6/15,$142.31,0
SWSH10,Card,3M,Machamp v 172,6/14 to 6/16,$142.89,2
SWSH10,Card,3M,Machamp v 172,6/16 to 6/18,$142.32,4
SWSH10,Card,3M,Machamp v 172,6/17 to 6/19,$140.29,3
SWSH10,Card,3M,Machamp v 172,6/19 to 6/21,$138.28,3
SWSH10,Card,3M,Machamp v 172,6/2 to 6/4,$138.93,0
SWSH10,Card,3M,Machamp v 172,6/20 to 6/22,$139.97,3
SWSH10,Card,3M,Machamp v 172,6/22 to 6/24,$142.48,3
SWSH10,Card,3M,Machamp v 172,6/23 to 6/25,$142.03,2
SWSH10,Card,3M,Machamp v 172,6/25 to 6/27,$141.65,0
SWSH10,Card,3M,Machamp v 172,6/26 to 6/28,$141.65,0
SWSH10,Card,3M,Machamp v 172,6/28 to 6/30,$140.80,1
SWSH10,Card,3M,Machamp v 172,6/29 to 7/1,$140.35,2
SWSH10,Card,3M,Machamp v 172,6/4 to 6/6,$139.54,1
SWSH10,Card,3M,Machamp v 172,6/5 to 6/7,$140.36,2
SWSH10,Card,3M,Machamp v 172,6/7 to 6/9,$141.39,1
SWSH10,Card,3M,Machamp v 172,6/8 to 6/10,$141.67,0
SWSH10,Card,3M,Machamp v 172,7/1 to 7/3,$140.15,4
SWSH10,Card,3M,Machamp v 172,7/10 to 7/12,$139.64,1
SWSH10,Card,3M,Machamp v 172,7/11 to 7/13,$139.64,2
SWSH10,Card,3M,Machamp v 172,7/13 to 7/15,$139.02,2
SWSH10,Card,3M,Machamp v 172,7/14 to 7/16,$138.71,1
SWSH10,Card,3M,Machamp v 172,7/16 to 7/18,$138.73,1
SWSH10,Card,3M,Machamp v 172,7/17 to 7/19,$138.71,0
SWSH10,Card,3M,Machamp v 172,7/19 to 7/21,$138.73,0
SWSH10,Card,3M,Machamp v 172,7/2 to 7/4,$140.07,3
SWSH10,Card,3M,Machamp v 172,7/4 to 7/6,$140.06,0
SWSH10,Card,3M,Machamp v 172,7/5 to 7/7,$139.92,1
SWSH10,Card,3M,Machamp v 172,7/7 to 7/9,$139.64,1
SWSH10,Card,3M,Machamp v 172,7/8 to 7/10,$139.64,0
SWSH11,Card,3M,Giratina v 186,4/22 to 4/24,$616.30,0
SWSH11,Card,3M,Giratina v 186,4/23 to 4/25,$616.25,1
SWSH11,Card,3M,Giratina v 186,4/25 to 4/27,$612.14,4
SWSH11,Card,3M,Giratina v 186,4/26 to 4/28,$608.13,3
SWSH11,Card,3M,Giratina v 186,4/28 to 4/30,$600.80,3
SWSH11,Card,3M,Giratina v 186,4/29 to 5/1,$596.68,4
SWSH11,Card,3M,Giratina v 186,5/1 to 5/3,$587.49,2
SWSH11,Card,3M,Giratina v 186,5/10 to 5/12,$560.40,2
SWSH11,Card,3M,Giratina v 186,5/11 to 5/13,$557.20,1
SWSH11,Card,3M,Giratina v 186,5/13 to 5/15,$547.07,5
SWSH11,Card,3M,Giratina v 186,5/14 to 5/16,$542.57,5
SWSH11,Card,3M,Giratina v 186,5/16 to 5/18,$542.57,0
SWSH11,Card,3M,Giratina v 186,5/17 to 5/19,$540.96,2
SWSH11,Card,3M,Giratina v 186,5/19 to 5/21,$538.25,4
SWSH11,Card,3M,Giratina v 186,5/2 to 5/4,$582.08,5
SWSH11,Card,3M,Giratina v 186,5/20 to 5/22,$538.62,2
SWSH11,Card,3M,Giratina v 186,5/22 to 5/24,$542.19,2
SWSH11,Card,3M,Giratina v 186,5/23 to 5/25,$543.60,3
SWSH11,Card,3M,Giratina v 186,5/25 to 5/27,$543.12,1
SWSH11,Card,3M,Giratina v 186,5/26 to 5/28,$543.12,0
SWSH11,Card,3M,Giratina v 186,5/28 to 5/30,$543.12,0
SWSH11,Card,3M,Giratina v 186,5/29 to 5/31,$543.12,0
SWSH11,Card,3M,Giratina v 186,5/31 to 6/2,$542.53,1
SWSH11,Card,3M,Giratina v 186,5/4 to 5/6,$571.06,7
SWSH11,Card,3M,Giratina v 186,5/5 to 5/7,$567.40,5
SWSH11,Card,3M,Giratina v 186,5/7 to 5/9,$565.56,3
SWSH11,Card,3M,Giratina v 186,5/8 to 5/10,$565.94,2
SWSH11,Card,3M,Giratina v 186,6/1 to 6/3,$535.21,13
SWSH11,Card,3M,Giratina v 186,6/10 to 6/12,$514.93,2
SWSH11,Card,3M,Giratina v 186,6/12 to 6/14,$512.32,2
SWSH11,Card,3M,Giratina v 186,6/13 to 6/15,$511.41,2
SWSH11,Card,3M,Giratina v 186,6/15 to 6/17,$510.87,1
SWSH11,Card,3M,Giratina v 186,6/16 to 6/18,$510.87,0
SWSH11,Card,3M,Giratina v 186,6/18 to 6/20,$510.44,1
SWSH11,Card,3M,Giratina v 186,6/19 to 6/21,$510.00,1
SWSH11,Card,3M,Giratina v 186,6/21 to 6/23,$509.57,0
SWSH11,Card,3M,Giratina v 186,6/22 to 6/24,$509.57,0
SWSH11,Card,3M,Giratina v 186,6/24 to 6/26,$509.57,0
SWSH11,Card,3M,Giratina v 186,6/25 to 6/27,$509.14,1
SWSH11,Card,3M,Giratina v 186,6/27 to 6/29,$508.29,1
SWSH11,Card,3M,Giratina v 186,6/28 to 6/30,$507.84,1
SWSH11,Card,3M,Giratina v 186,6/3 to 6/5,$519.52,14
SWSH11,Card,3M,Giratina v 186,6/30 to 7/2,$505.80,4
SWSH11,Card,3M,Giratina v 186,6/4 to 6/6,$518.08,2
SWSH11,Card,3M,Giratina v 186,6/6 to 6/8,$517.10,1
SWSH11,Card,3M,Giratina v 186,6/7 to 6/9,$516.30,2
SWSH11,Card,3M,Giratina v 186,6/9 to 6/11,$515.20,2
SWSH11,Card,3M,Giratina v 186,7/1 to 7/3,$504.84,3
SWSH11,Card,3M,Giratina v 186,7/10 to 7/12,$501.95,2
SWSH11,Card,3M,Giratina v 186,7/12 to 7/14,$499.08,3
SWSH11,Card,3M,Giratina v 186,7/13 to 7/15,$496.50,4
SWSH11,Card,3M,Giratina v 186,7/15 to 7/17,$492.46,3
SWSH11,Card,3M,Giratina v 186,7/16 to 7/18,$491.90,2
SWSH11,Card,3M,Giratina v 186,7/18 to 7/20,$492.14,2
SWSH11,Card,3M,Giratina v 186,7/19 to 7/21,$491.90,0
SWSH11,Card,3M,Giratina v 186,7/21 to 7/23,$492.14,0
SWSH11,Card,3M,Giratina v 186,7/3 to 7/5,$504.39,0
SWSH11,Card,3M,Giratina v 186,7/4 to 7/6,$504.72,0
SWSH11,Card,3M,Giratina v 186,7/6 to 7/8,$503.71,5
SWSH11,Card,3M,Giratina v 186,7/7 to 7/9,$502.90,5
SWSH11,Card,3M,Giratina v 186,7/9 to 7/11,$502.27,2
SWSH12,Card,3M,Lugia v 186,4/20 to 4/22,$285.11,6
SWSH12,Card,3M,Lugia v 186,4/23 to 4/25,$282.21,3
SWSH12,Card,3M,Lugia v 186,4/24 to 4/26,$279.57,3
SWSH12,Card,3M,Lugia v 186,4/25 to 4/27,$279.29,2
SWSH12,Card,3M,Lugia v 186,4/26 to 4/28,$281.08,2
SWSH12,Card,3M,Lugia v 186,4/27 to 4/29,$282.95,1
SWSH12,Card,3M,Lugia v 186,4/28 to 4/30,$282.65,1
SWSH12,Card,3M,Lugia v 186,4/29 to 5/1,$282.23,4
SWSH12,Card,3M,Lugia v 186,4/30 to 5/2,$282.10,3
SWSH12,Card,3M,Lugia v 186,5/1 to 5/3,$281.44,4
SWSH12,Card,3M,Lugia v 186,5/10 to 5/12,$271.82,9
SWSH12,Card,3M,Lugia v 186,5/11 to 5/13,$271.50,9
SWSH12,Card,3M,Lugia v 186,5/12 to 5/14,$270.96,23
SWSH12,Card,3M,Lugia v 186,5/13 to 5/15,$270.60,18
SWSH12,Card,3M,Lugia v 186,5/14 to 5/16,$270.23,18
SWSH12,Card,3M,Lugia v 186,5/15 to 5/17,$270.36,1
SWSH12,Card,3M,Lugia v 186,5/16 to 5/18,$270.82,2
SWSH12,Card,3M,Lugia v 186,5/17 to 5/19,$271.40,3
SWSH12,Card,3M,Lugia v 186,5/18 to 5/20,$271.92,5
SWSH12,Card,3M,Lugia v 186,5/19 to 5/21,$271.98,3
SWSH12,Card,3M,Lugia v 186,5/2 to 5/4,$279.69,5
SWSH12,Card,3M,Lugia v 186,5/20 to 5/22,$271.92,3
SWSH12,Card,3M,Lugia v 186,5/21 to 5/23,$271.79,2
SWSH12,Card,3M,Lugia v 186,5/22 to 5/24,$271.58,3
SWSH12,Card,3M,Lugia v 186,5/23 to 5/25,$271.49,4
SWSH12,Card,3M,Lugia v 186,5/24 to 5/26,$271.83,5
SWSH12,Card,3M,Lugia v 186,5/25 to 5/27,$272.24,4
SWSH12,Card,3M,Lugia v 186,5/26 to 5/28,$272.46,3
SWSH12,Card,3M,Lugia v 186,5/27 to 5/29,$272.17,3
SWSH12,Card,3M,Lugia v 186,5/28 to 5/30,$272.69,5
SWSH12,Card,3M,Lugia v 186,5/29 to 5/31,$272.89,5
SWSH12,Card,3M,Lugia v 186,5/3 to 5/5,$277.95,5
SWSH12,Card,3M,Lugia v 186,5/30 to 6/1,$273.29,3
SWSH12,Card,3M,Lugia v 186,5/31 to 6/2,$272.62,2
SWSH12,Card,3M,Lugia v 186,5/4 to 5/6,$275.81,10
SWSH12,Card,3M,Lugia v 186,5/5 to 5/7,$274.87,7
SWSH12,Card,3M,Lugia v 186,5/6 to 5/8,$273.93,7
SWSH12,Card,3M,Lugia v 186,5/7 to 5/9,$273.49,2
SWSH12,Card,3M,Lugia v 186,5/8 to 5/10,$272.99,1
SWSH12,Card,3M,Lugia v 186,5/9 to 5/11,$272.21,4
SWSH12,Card,3M,Lugia v 186,6/1 to 6/3,$272.17,3
SWSH12,Card,3M,Lugia v 186,6/10 to 6/12,$266.51,3
SWSH12,Card,3M,Lugia v 186,6/11 to 6/13,$267.44,1
SWSH12,Card,3M,Lugia v 186,6/12 to 6/14,$269.13,2
SWSH12,Card,3M,Lugia v 186,6/13 to 6/15,$270.81,2
SWSH12,Card,3M,Lugia v 186,6/14 to 6/16,$271.45,3
SWSH12,Card,3M,Lugia v 186,6/15 to 6/17,$271.34,2
SWSH12,Card,3M,Lugia v 186,6/16 to 6/18,$269.84,5
SWSH12,Card,3M,Lugia v 186,6/17 to 6/19,$268.45,4
SWSH12,Card,3M,Lugia v 186,6/18 to 6/20,$267.12,5
SWSH12,Card,3M,Lugia v 186,6/19 to 6/21,$267.36,3
SWSH12,Card,3M,Lugia v 186,6/2 to 6/4,$271.66,4
SWSH12,Card,3M,Lugia v 186,6/20 to 6/22,$266.99,4
SWSH12,Card,3M,Lugia v 186,6/21 to 6/23,$264.56,11
SWSH12,Card,3M,Lugia v 186,6/22 to 6/24,$262.13,12
SWSH12,Card,3M,Lugia v 186,6/23 to 6/25,$259.97,11
SWSH12,Card,3M,Lugia v 186,6/24 to 6/26,$260.03,4
SWSH12,Card,3M,Lugia v 186,6/25 to 6/27,$259.67,4
SWSH12,Card,3M,Lugia v 186,6/26 to 6/28,$259.63,3
SWSH12,Card,3M,Lugia v 186,6/27 to 6/29,$257.93,4
SWSH12,Card,3M,Lugia v 186,6/28 to 6/30,$256.30,3
SWSH12,Card,3M,Lugia v 186,6/29 to 7/1,$254.51,5
SWSH12,Card,3M,Lugia v 186,6/3 to 6/5,$271.15,3
SWSH12,Card,3M,Lugia v 186,6/30 to 7/2,$254.34,4
SWSH12,Card,3M,Lugia v 186,6/4 to 6/6,$272.03,2
SWSH12,Card,3M,Lugia v 186,6/5 to 6/7,$273.22,1
SWSH12,Card,3M,Lugia v 186,6/6 to 6/8,$274.02,3
SWSH12,Card,3M,Lugia v 186,6/7 to 6/9,$272.45,16
SWSH12,Card,3M,Lugia v 186,6/8 to 6/10,$269.64,19
SWSH12,Card,3M,Lugia v 186,6/9 to 6/11,$267.48,17
SWSH12,Card,3M,Lugia v 186,7/1 to 7/3,$254.57,4
SWSH12,Card,3M,Lugia v 186,7/10 to 7/12,$258.95,2
SWSH12,Card,3M,Lugia v 186,7/11 to 7/13,$259.24,2
SWSH12,Card,3M,Lugia v 186,7/12 to 7/14,$259.35,2
SWSH12,Card,3M,Lugia v 186,7/13 to 7/15,$261.84,5
SWSH12,Card,3M,Lugia v 186,7/14 to 7/16,$264.87,6
SWSH12,Card,3M,Lugia v 186,7/15 to 7/17,$268.42,8
SWSH12,Card,3M,Lugia v 186,7/16 to 7/18,$269.79,6
SWSH12,Card,3M,Lugia v 186,7/17 to 7/19,$274.84,17
SWSH12,Card,3M,Lugia v 186,7/18 to 7/20,$279.86,15
SWSH12,Card,3M,Lugia v 186,7/19 to 7/21,$269.79,0
SWSH12,Card,3M,Lugia v 186,7/2 to 7/4,$255.16,4
SWSH12,Card,3M,Lugia v 186,7/20 to 7/22,$274.84,0
SWSH12,Card,3M,Lugia v 186,7/21 to 7/23,$279.86,0
SWSH12,Card,3M,Lugia v 186,7/3 to 7/5,$255.85,5
SWSH12,Card,3M,Lugia v 186,7/4 to 7/6,$256.29,5
SWSH12,Card,3M,Lugia v 186,7/5 to 7/7,$257.48,14
SWSH12,Card,3M,Lugia v 186,7/6 to 7/8,$258.17,13
SWSH12,Card,3M,Lugia v 186,7/7 to 7/9,$258.90,12
SWSH12,Card,3M,Lugia v 186,7/8 to 7/10,$258.66,1
SWSH12,Card,3M,Lugia v 186,7/9 to 7/11,$258.65,1
